user_id,journey_path,converted
USR_000001,meta_awareness > meta_conversion > meta_conversion > whatsapp_trigger > CONVERSION,1
USR_000002,meta_conversion > whatsapp_trigger > DROP_OFF,0
USR_000003,meta_conversion > whatsapp_trigger > CONVERSION,1
USR_000004,meta_awareness > meta_conversion > CONVERSION,1
USR_000005,whatsapp_trigger > CONVERSION,1
USR_000006,meta_awareness > whatsapp_trigger > CONVERSION,1
USR_000007,meta_awareness > whatsapp_trigger > CONVERSION,1
USR_000008,meta_awareness > meta_conversion > whatsapp_trigger > DROP_OFF,0
USR_000009,meta_awareness > meta_conversion > CONVERSION,1
USR_000010,meta_awareness > DROP_OFF,0
USR_000011,meta_conversion > CONVERSION,1
USR_000012,meta_awareness > DROP_OFF,0
USR_000013,meta_awareness > DROP_OFF,0
USR_000014,meta_conversion > CONVERSION,1
USR_000015,whatsapp_trigger > meta_awareness > meta_conversion > CONVERSION,1
USR_000016,meta_conversion > whatsapp_trigger > CONVERSION,1
USR_000017,meta_conversion > whatsapp_trigger > CONVERSION,1
USR_000018,meta_awareness > whatsapp_trigger > CONVERSION,1
USR_000019,meta_awareness > meta_conversion > CONVERSION,1
USR_000020,meta_awareness > meta_conversion > whatsapp_trigger > meta_awareness > meta_conversion > CONVERSION,1
USR_000021,meta_conversion > DROP_OFF,0
USR_000022,meta_awareness > meta_conversion > CONVERSION,1
USR_000023,meta_awareness > meta_conversion > meta_conversion > CONVERSION,1
USR_000024,meta_conversion > CONVERSION,1
USR_000025,meta_conversion > CONVERSION,1
USR_000026,meta_conversion > whatsapp_trigger > CONVERSION,1
USR_000027,meta_awareness > whatsapp_trigger > meta_awareness > whatsapp_trigger > CONVERSION,1
USR_000028,meta_conversion > CONVERSION,1
USR_000029,whatsapp_trigger > CONVERSION,1
USR_000030,meta_awareness > meta_conversion > meta_conversion > DROP_OFF,0
USR_000031,meta_awareness > whatsapp_trigger > CONVERSION,1
USR_000032,meta_awareness > meta_awareness > DROP_OFF,0
USR_000033,meta_awareness > meta_conversion > CONVERSION,1
USR_000034,meta_conversion > CONVERSION,1
USR_000035,meta_awareness > meta_conversion > whatsapp_trigger > DROP_OFF,0
USR_000036,meta_awareness > meta_conversion > whatsapp_trigger > DROP_OFF,0
USR_000037,meta_awareness > whatsapp_trigger > DROP_OFF,0
USR_000038,meta_conversion > whatsapp_trigger > DROP_OFF,0
USR_000039,meta_conversion > whatsapp_trigger > DROP_OFF,0
USR_000040,meta_conversion > whatsapp_trigger > CONVERSION,1
USR_000041,meta_conversion > DROP_OFF,0
USR_000042,meta_awareness > meta_conversion > whatsapp_trigger > CONVERSION,1
USR_000043,meta_conversion > whatsapp_trigger > CONVERSION,1
USR_000044,meta_awareness > meta_conversion > whatsapp_trigger > DROP_OFF,0
USR_000045,meta_awareness > meta_conversion > CONVERSION,1
USR_000046,meta_awareness > DROP_OFF,0
USR_000047,meta_awareness > whatsapp_trigger > whatsapp_trigger > CONVERSION,1
USR_000048,meta_conversion > CONVERSION,1
USR_000049,meta_awareness > DROP_OFF,0
USR_000050,meta_awareness > meta_conversion > DROP_OFF,0
USR_000051,meta_awareness > whatsapp_trigger > meta_awareness > DROP_OFF,0
USR_000052,meta_awareness > meta_conversion > DROP_OFF,0
USR_000053,whatsapp_trigger > meta_awareness > DROP_OFF,0
USR_000054,meta_awareness > DROP_OFF,0
USR_000055,meta_awareness > meta_conversion > CONVERSION,1
USR_000056,meta_awareness > whatsapp_trigger > CONVERSION,1
USR_000057,meta_awareness > whatsapp_trigger > CONVERSION,1
USR_000058,meta_conversion > whatsapp_trigger > CONVERSION,1
USR_000059,meta_awareness > meta_conversion > DROP_OFF,0
USR_000060,meta_conversion > DROP_OFF,0
USR_000061,meta_conversion > DROP_OFF,0
USR_000062,meta_awareness > meta_conversion > whatsapp_trigger > CONVERSION,1
USR_000063,meta_awareness > meta_conversion > DROP_OFF,0
USR_000064,meta_conversion > DROP_OFF,0
USR_000065,meta_conversion > CONVERSION,1
USR_000066,meta_awareness > meta_conversion > CONVERSION,1
USR_000067,meta_conversion > whatsapp_trigger > CONVERSION,1
USR_000068,meta_awareness > whatsapp_trigger > CONVERSION,1
USR_000069,meta_awareness > whatsapp_trigger > meta_awareness > DROP_OFF,0
USR_000070,meta_awareness > meta_conversion > CONVERSION,1
USR_000071,meta_awareness > meta_conversion > DROP_OFF,0
USR_000072,meta_conversion > CONVERSION,1
USR_000073,meta_awareness > meta_awareness > whatsapp_trigger > CONVERSION,1
USR_000074,meta_awareness > whatsapp_trigger > CONVERSION,1
USR_000075,meta_awareness > whatsapp_trigger > DROP_OFF,0
USR_000076,meta_awareness > whatsapp_trigger > DROP_OFF,0
USR_000077,meta_awareness > meta_conversion > CONVERSION,1
USR_000078,meta_conversion > whatsapp_trigger > CONVERSION,1
USR_000079,meta_awareness > meta_conversion > whatsapp_trigger > DROP_OFF,0
USR_000080,meta_conversion > whatsapp_trigger > CONVERSION,1
USR_000081,whatsapp_trigger > CONVERSION,1
USR_000082,meta_awareness > whatsapp_trigger > whatsapp_trigger > CONVERSION,1
USR_000083,meta_awareness > meta_conversion > CONVERSION,1
USR_000084,whatsapp_trigger > CONVERSION,1
USR_000085,meta_awareness > meta_conversion > whatsapp_trigger > CONVERSION,1
USR_000086,meta_awareness > meta_conversion > DROP_OFF,0
USR_000087,meta_awareness > meta_conversion > CONVERSION,1
USR_000088,meta_conversion > DROP_OFF,0
USR_000089,meta_conversion > whatsapp_trigger > CONVERSION,1
USR_000090,meta_conversion > CONVERSION,1
USR_000091,meta_awareness > meta_awareness > meta_conversion > whatsapp_trigger > DROP_OFF,0
USR_000092,meta_conversion > CONVERSION,1
USR_000093,meta_conversion > DROP_OFF,0
USR_000094,meta_awareness > whatsapp_trigger > meta_awareness > meta_conversion > CONVERSION,1
USR_000095,meta_awareness > meta_conversion > meta_conversion > meta_conversion > whatsapp_trigger > CONVERSION,1
USR_000096,meta_awareness > meta_conversion > DROP_OFF,0
USR_000097,meta_awareness > whatsapp_trigger > CONVERSION,1
USR_000098,whatsapp_trigger > CONVERSION,1
USR_000099,meta_awareness > meta_conversion > CONVERSION,1
USR_000100,meta_awareness > meta_conversion > CONVERSION,1
USR_000101,meta_awareness > meta_conversion > CONVERSION,1
USR_000102,meta_awareness > meta_conversion > DROP_OFF,0
USR_000103,meta_awareness > whatsapp_trigger > CONVERSION,1
USR_000104,meta_conversion > CONVERSION,1
USR_000105,meta_conversion > whatsapp_trigger > CONVERSION,1
USR_000106,meta_awareness > meta_conversion > CONVERSION,1
USR_000107,meta_conversion > DROP_OFF,0
USR_000108,meta_awareness > meta_conversion > DROP_OFF,0
USR_000109,meta_awareness > whatsapp_trigger > CONVERSION,1
USR_000110,meta_conversion > DROP_OFF,0
USR_000111,meta_awareness > meta_conversion > whatsapp_trigger > DROP_OFF,0
USR_000112,meta_awareness > meta_conversion > CONVERSION,1
USR_000113,meta_awareness > whatsapp_trigger > CONVERSION,1
USR_000114,meta_awareness > meta_conversion > DROP_OFF,0
USR_000115,meta_awareness > meta_conversion > DROP_OFF,0
USR_000116,whatsapp_trigger > CONVERSION,1
USR_000117,meta_conversion > CONVERSION,1
USR_000118,meta_awareness > meta_conversion > whatsapp_trigger > CONVERSION,1
USR_000119,meta_awareness > meta_conversion > whatsapp_trigger > DROP_OFF,0
USR_000120,meta_awareness > meta_awareness > whatsapp_trigger > CONVERSION,1
USR_000121,meta_conversion > whatsapp_trigger > DROP_OFF,0
USR_000122,meta_awareness > DROP_OFF,0
USR_000123,whatsapp_trigger > DROP_OFF,0
USR_000124,meta_awareness > DROP_OFF,0
USR_000125,meta_conversion > CONVERSION,1
USR_000126,meta_awareness > DROP_OFF,0
USR_000127,meta_awareness > DROP_OFF,0
USR_000128,meta_awareness > meta_conversion > CONVERSION,1
USR_000129,meta_conversion > meta_conversion > DROP_OFF,0
USR_000130,meta_awareness > DROP_OFF,0
USR_000131,whatsapp_trigger > CONVERSION,1
USR_000132,meta_awareness > meta_conversion > CONVERSION,1
USR_000133,meta_awareness > DROP_OFF,0
USR_000134,meta_awareness > whatsapp_trigger > CONVERSION,1
USR_000135,meta_awareness > whatsapp_trigger > DROP_OFF,0
USR_000136,meta_conversion > CONVERSION,1
USR_000137,meta_conversion > CONVERSION,1
USR_000138,meta_awareness > meta_conversion > meta_conversion > CONVERSION,1
USR_000139,meta_conversion > whatsapp_trigger > CONVERSION,1
USR_000140,meta_conversion > meta_conversion > CONVERSION,1
USR_000141,meta_conversion > CONVERSION,1
USR_000142,meta_awareness > meta_conversion > CONVERSION,1
USR_000143,meta_awareness > meta_conversion > DROP_OFF,0
USR_000144,whatsapp_trigger > meta_awareness > meta_conversion > meta_conversion > CONVERSION,1
USR_000145,meta_conversion > whatsapp_trigger > CONVERSION,1
USR_000146,meta_awareness > meta_conversion > DROP_OFF,0
USR_000147,meta_awareness > meta_conversion > meta_conversion > CONVERSION,1
USR_000148,meta_conversion > DROP_OFF,0
USR_000149,whatsapp_trigger > CONVERSION,1
USR_000150,meta_awareness > DROP_OFF,0
USR_000151,meta_conversion > whatsapp_trigger > CONVERSION,1
USR_000152,meta_conversion > meta_conversion > CONVERSION,1
USR_000153,meta_awareness > meta_conversion > DROP_OFF,0
USR_000154,meta_awareness > DROP_OFF,0
USR_000155,meta_conversion > CONVERSION,1
USR_000156,whatsapp_trigger > CONVERSION,1
USR_000157,meta_awareness > meta_awareness > DROP_OFF,0
USR_000158,meta_conversion > CONVERSION,1
USR_000159,meta_conversion > CONVERSION,1
USR_000160,meta_awareness > meta_conversion > whatsapp_trigger > CONVERSION,1
USR_000161,meta_awareness > meta_awareness > DROP_OFF,0
USR_000162,meta_awareness > meta_conversion > DROP_OFF,0
USR_000163,meta_awareness > meta_conversion > DROP_OFF,0
USR_000164,meta_awareness > whatsapp_trigger > meta_awareness > meta_conversion > whatsapp_trigger > CONVERSION,1
USR_000165,meta_awareness > meta_conversion > whatsapp_trigger > DROP_OFF,0
USR_000166,meta_conversion > DROP_OFF,0
USR_000167,meta_awareness > meta_conversion > whatsapp_trigger > whatsapp_trigger > DROP_OFF,0
USR_000168,meta_awareness > meta_conversion > CONVERSION,1
USR_000169,whatsapp_trigger > meta_awareness > whatsapp_trigger > CONVERSION,1
USR_000170,meta_awareness > meta_awareness > whatsapp_trigger > CONVERSION,1
USR_000171,meta_awareness > DROP_OFF,0
USR_000172,whatsapp_trigger > CONVERSION,1
USR_000173,meta_awareness > meta_conversion > whatsapp_trigger > CONVERSION,1
USR_000174,meta_conversion > CONVERSION,1
USR_000175,meta_awareness > meta_conversion > whatsapp_trigger > CONVERSION,1
USR_000176,meta_awareness > meta_awareness > whatsapp_trigger > CONVERSION,1
USR_000177,meta_awareness > whatsapp_trigger > CONVERSION,1
USR_000178,meta_conversion > CONVERSION,1
USR_000179,meta_conversion > whatsapp_trigger > CONVERSION,1
USR_000180,meta_awareness > meta_conversion > DROP_OFF,0
USR_000181,meta_awareness > DROP_OFF,0
USR_000182,meta_awareness > meta_conversion > CONVERSION,1
USR_000183,meta_awareness > meta_conversion > CONVERSION,1
USR_000184,meta_conversion > whatsapp_trigger > meta_awareness > meta_conversion > whatsapp_trigger > CONVERSION,1
USR_000185,meta_awareness > DROP_OFF,0
USR_000186,meta_awareness > whatsapp_trigger > CONVERSION,1
USR_000187,meta_awareness > meta_awareness > meta_conversion > meta_conversion > meta_conversion > DROP_OFF,0
USR_000188,meta_awareness > meta_awareness > meta_awareness > whatsapp_trigger > DROP_OFF,0
USR_000189,meta_conversion > meta_conversion > CONVERSION,1
USR_000190,meta_awareness > DROP_OFF,0
USR_000191,meta_conversion > whatsapp_trigger > CONVERSION,1
USR_000192,meta_awareness > whatsapp_trigger > CONVERSION,1
USR_000193,meta_awareness > DROP_OFF,0
USR_000194,meta_conversion > CONVERSION,1
USR_000195,meta_awareness > whatsapp_trigger > CONVERSION,1
USR_000196,whatsapp_trigger > CONVERSION,1
USR_000197,meta_conversion > meta_conversion > whatsapp_trigger > meta_awareness > meta_conversion > whatsapp_trigger > meta_awareness > meta_conversion > whatsapp_trigger > DROP_OFF,0
USR_000198,meta_conversion > DROP_OFF,0
USR_000199,meta_awareness > DROP_OFF,0
USR_000200,meta_awareness > meta_conversion > whatsapp_trigger > DROP_OFF,0
USR_000201,meta_awareness > meta_conversion > CONVERSION,1
USR_000202,meta_awareness > whatsapp_trigger > CONVERSION,1
USR_000203,meta_conversion > CONVERSION,1
USR_000204,whatsapp_trigger > CONVERSION,1
USR_000205,meta_awareness > DROP_OFF,0
USR_000206,meta_awareness > DROP_OFF,0
USR_000207,whatsapp_trigger > CONVERSION,1
USR_000208,meta_awareness > meta_conversion > CONVERSION,1
USR_000209,meta_conversion > whatsapp_trigger > DROP_OFF,0
USR_000210,meta_awareness > meta_conversion > CONVERSION,1
USR_000211,meta_conversion > DROP_OFF,0
USR_000212,meta_awareness > DROP_OFF,0
USR_000213,meta_conversion > whatsapp_trigger > DROP_OFF,0
USR_000214,meta_awareness > meta_conversion > CONVERSION,1
USR_000215,meta_conversion > DROP_OFF,0
USR_000216,meta_awareness > meta_conversion > whatsapp_trigger > CONVERSION,1
USR_000217,meta_awareness > DROP_OFF,0
USR_000218,meta_conversion > CONVERSION,1
USR_000219,meta_awareness > meta_conversion > CONVERSION,1
USR_000220,meta_awareness > DROP_OFF,0
USR_000221,meta_conversion > whatsapp_trigger > CONVERSION,1
USR_000222,meta_awareness > whatsapp_trigger > CONVERSION,1
USR_000223,whatsapp_trigger > DROP_OFF,0
USR_000224,meta_awareness > meta_conversion > CONVERSION,1
USR_000225,meta_awareness > meta_conversion > CONVERSION,1
USR_000226,meta_conversion > DROP_OFF,0
USR_000227,meta_conversion > whatsapp_trigger > DROP_OFF,0
USR_000228,meta_awareness > meta_conversion > whatsapp_trigger > CONVERSION,1
USR_000229,whatsapp_trigger > meta_awareness > whatsapp_trigger > CONVERSION,1
USR_000230,meta_awareness > whatsapp_trigger > CONVERSION,1
USR_000231,meta_awareness > meta_awareness > whatsapp_trigger > CONVERSION,1
USR_000232,meta_conversion > whatsapp_trigger > whatsapp_trigger > CONVERSION,1
USR_000233,meta_conversion > CONVERSION,1
USR_000234,meta_conversion > whatsapp_trigger > CONVERSION,1
USR_000235,meta_awareness > meta_conversion > whatsapp_trigger > meta_awareness > meta_conversion > whatsapp_trigger > CONVERSION,1
USR_000236,meta_awareness > whatsapp_trigger > CONVERSION,1
USR_000237,meta_conversion > CONVERSION,1
USR_000238,meta_awareness > meta_conversion > CONVERSION,1
USR_000239,meta_awareness > whatsapp_trigger > CONVERSION,1
USR_000240,meta_awareness > meta_conversion > whatsapp_trigger > whatsapp_trigger > CONVERSION,1
USR_000241,meta_conversion > whatsapp_trigger > CONVERSION,1
USR_000242,meta_awareness > meta_conversion > DROP_OFF,0
USR_000243,meta_conversion > CONVERSION,1
USR_000244,meta_conversion > whatsapp_trigger > CONVERSION,1
USR_000245,meta_conversion > whatsapp_trigger > CONVERSION,1
USR_000246,meta_conversion > CONVERSION,1
USR_000247,whatsapp_trigger > CONVERSION,1
USR_000248,meta_conversion > whatsapp_trigger > CONVERSION,1
USR_000249,meta_awareness > meta_conversion > CONVERSION,1
USR_000250,meta_awareness > meta_conversion > CONVERSION,1
USR_000251,meta_awareness > meta_conversion > CONVERSION,1
USR_000252,meta_conversion > whatsapp_trigger > DROP_OFF,0
USR_000253,meta_conversion > CONVERSION,1
USR_000254,meta_awareness > DROP_OFF,0
USR_000255,meta_conversion > CONVERSION,1
USR_000256,meta_awareness > DROP_OFF,0
USR_000257,meta_conversion > whatsapp_trigger > CONVERSION,1
USR_000258,meta_conversion > meta_conversion > DROP_OFF,0
USR_000259,meta_conversion > meta_conversion > CONVERSION,1
USR_000260,meta_awareness > DROP_OFF,0
USR_000261,meta_conversion > CONVERSION,1
USR_000262,meta_awareness > meta_conversion > meta_conversion > DROP_OFF,0
USR_000263,meta_awareness > whatsapp_trigger > CONVERSION,1
USR_000264,meta_awareness > meta_awareness > whatsapp_trigger > CONVERSION,1
USR_000265,meta_awareness > meta_conversion > CONVERSION,1
USR_000266,meta_conversion > CONVERSION,1
USR_000267,whatsapp_trigger > CONVERSION,1
USR_000268,meta_awareness > meta_conversion > CONVERSION,1
USR_000269,meta_awareness > meta_conversion > whatsapp_trigger > meta_awareness > DROP_OFF,0
USR_000270,whatsapp_trigger > CONVERSION,1
USR_000271,meta_awareness > meta_conversion > DROP_OFF,0
USR_000272,meta_conversion > meta_conversion > CONVERSION,1
USR_000273,meta_awareness > meta_awareness > DROP_OFF,0
USR_000274,meta_awareness > meta_awareness > meta_conversion > DROP_OFF,0
USR_000275,meta_conversion > whatsapp_trigger > CONVERSION,1
USR_000276,meta_conversion > whatsapp_trigger > whatsapp_trigger > CONVERSION,1
USR_000277,meta_awareness > meta_conversion > meta_conversion > CONVERSION,1
USR_000278,meta_awareness > meta_conversion > whatsapp_trigger > DROP_OFF,0
USR_000279,meta_awareness > whatsapp_trigger > DROP_OFF,0
USR_000280,whatsapp_trigger > CONVERSION,1
USR_000281,meta_awareness > DROP_OFF,0
USR_000282,meta_conversion > whatsapp_trigger > CONVERSION,1
USR_000283,meta_awareness > meta_conversion > DROP_OFF,0
USR_000284,meta_awareness > meta_awareness > DROP_OFF,0
USR_000285,meta_awareness > meta_awareness > meta_conversion > CONVERSION,1
USR_000286,whatsapp_trigger > DROP_OFF,0
USR_000287,meta_awareness > DROP_OFF,0
USR_000288,meta_awareness > meta_conversion > CONVERSION,1
USR_000289,meta_conversion > DROP_OFF,0
USR_000290,meta_conversion > CONVERSION,1
USR_000291,meta_conversion > CONVERSION,1
USR_000292,meta_awareness > meta_awareness > meta_conversion > DROP_OFF,0
USR_000293,meta_awareness > meta_conversion > DROP_OFF,0
USR_000294,meta_awareness > meta_awareness > meta_conversion > CONVERSION,1
USR_000295,meta_conversion > CONVERSION,1
USR_000296,whatsapp_trigger > meta_awareness > meta_conversion > CONVERSION,1
USR_000297,meta_conversion > meta_conversion > CONVERSION,1
USR_000298,meta_conversion > DROP_OFF,0
USR_000299,meta_conversion > DROP_OFF,0
USR_000300,meta_awareness > meta_conversion > whatsapp_trigger > CONVERSION,1
USR_000301,meta_awareness > meta_conversion > DROP_OFF,0
USR_000302,meta_awareness > whatsapp_trigger > meta_awareness > meta_conversion > whatsapp_trigger > DROP_OFF,0
USR_000303,meta_awareness > meta_conversion > CONVERSION,1
USR_000304,meta_awareness > meta_conversion > whatsapp_trigger > meta_awareness > meta_conversion > whatsapp_trigger > CONVERSION,1
USR_000305,meta_awareness > whatsapp_trigger > DROP_OFF,0
USR_000306,meta_conversion > CONVERSION,1
USR_000307,meta_conversion > whatsapp_trigger > DROP_OFF,0
USR_000308,meta_awareness > meta_conversion > DROP_OFF,0
USR_000309,meta_conversion > CONVERSION,1
USR_000310,meta_awareness > meta_conversion > meta_conversion > DROP_OFF,0
USR_000311,meta_conversion > meta_conversion > whatsapp_trigger > CONVERSION,1
USR_000312,whatsapp_trigger > meta_awareness > meta_conversion > whatsapp_trigger > DROP_OFF,0
USR_000313,whatsapp_trigger > CONVERSION,1
USR_000314,meta_awareness > meta_conversion > CONVERSION,1
USR_000315,meta_awareness > meta_conversion > CONVERSION,1
USR_000316,meta_awareness > meta_conversion > DROP_OFF,0
USR_000317,meta_awareness > DROP_OFF,0
USR_000318,meta_awareness > DROP_OFF,0
USR_000319,meta_awareness > meta_conversion > meta_conversion > whatsapp_trigger > CONVERSION,1
USR_000320,meta_awareness > meta_conversion > CONVERSION,1
USR_000321,meta_awareness > meta_conversion > whatsapp_trigger > CONVERSION,1
USR_000322,meta_awareness > meta_conversion > whatsapp_trigger > CONVERSION,1
USR_000323,meta_awareness > whatsapp_trigger > CONVERSION,1
USR_000324,meta_awareness > meta_conversion > CONVERSION,1
USR_000325,meta_awareness > meta_conversion > whatsapp_trigger > CONVERSION,1
USR_000326,meta_conversion > DROP_OFF,0
USR_000327,meta_awareness > whatsapp_trigger > CONVERSION,1
USR_000328,meta_awareness > meta_awareness > meta_conversion > DROP_OFF,0
USR_000329,meta_awareness > DROP_OFF,0
USR_000330,meta_awareness > meta_conversion > whatsapp_trigger > meta_awareness > meta_conversion > CONVERSION,1
USR_000331,meta_conversion > DROP_OFF,0
USR_000332,meta_awareness > whatsapp_trigger > whatsapp_trigger > CONVERSION,1
USR_000333,meta_awareness > meta_conversion > CONVERSION,1
USR_000334,meta_conversion > whatsapp_trigger > CONVERSION,1
USR_000335,whatsapp_trigger > CONVERSION,1
USR_000336,meta_awareness > DROP_OFF,0
USR_000337,meta_awareness > meta_conversion > CONVERSION,1
USR_000338,meta_awareness > DROP_OFF,0
USR_000339,meta_awareness > meta_conversion > DROP_OFF,0
USR_000340,meta_awareness > DROP_OFF,0
USR_000341,meta_awareness > meta_conversion > DROP_OFF,0
USR_000342,meta_awareness > DROP_OFF,0
USR_000343,meta_awareness > meta_conversion > DROP_OFF,0
USR_000344,meta_awareness > meta_conversion > DROP_OFF,0
USR_000345,meta_conversion > whatsapp_trigger > CONVERSION,1
USR_000346,meta_conversion > whatsapp_trigger > CONVERSION,1
USR_000347,meta_awareness > DROP_OFF,0
USR_000348,meta_conversion > DROP_OFF,0
USR_000349,meta_awareness > DROP_OFF,0
USR_000350,whatsapp_trigger > CONVERSION,1
USR_000351,meta_awareness > DROP_OFF,0
USR_000352,meta_conversion > DROP_OFF,0
USR_000353,whatsapp_trigger > CONVERSION,1
USR_000354,meta_conversion > meta_conversion > CONVERSION,1
USR_000355,whatsapp_trigger > DROP_OFF,0
USR_000356,meta_conversion > whatsapp_trigger > DROP_OFF,0
USR_000357,meta_conversion > CONVERSION,1
USR_000358,meta_awareness > meta_awareness > meta_conversion > CONVERSION,1
USR_000359,meta_conversion > CONVERSION,1
USR_000360,meta_awareness > DROP_OFF,0
USR_000361,meta_conversion > CONVERSION,1
USR_000362,meta_conversion > CONVERSION,1
USR_000363,meta_awareness > whatsapp_trigger > CONVERSION,1
USR_000364,meta_awareness > meta_awareness > DROP_OFF,0
USR_000365,meta_awareness > DROP_OFF,0
USR_000366,meta_awareness > meta_conversion > CONVERSION,1
USR_000367,whatsapp_trigger > DROP_OFF,0
USR_000368,meta_conversion > DROP_OFF,0
USR_000369,meta_awareness > meta_conversion > CONVERSION,1
USR_000370,meta_conversion > CONVERSION,1
USR_000371,meta_conversion > CONVERSION,1
USR_000372,meta_awareness > meta_conversion > CONVERSION,1
USR_000373,meta_conversion > CONVERSION,1
USR_000374,meta_awareness > meta_conversion > CONVERSION,1
USR_000375,meta_awareness > whatsapp_trigger > CONVERSION,1
USR_000376,meta_conversion > CONVERSION,1
USR_000377,meta_awareness > whatsapp_trigger > CONVERSION,1
USR_000378,meta_awareness > meta_conversion > whatsapp_trigger > CONVERSION,1
USR_000379,meta_awareness > meta_conversion > whatsapp_trigger > meta_awareness > meta_conversion > DROP_OFF,0
USR_000380,meta_awareness > whatsapp_trigger > CONVERSION,1
USR_000381,meta_conversion > whatsapp_trigger > whatsapp_trigger > CONVERSION,1
USR_000382,meta_conversion > whatsapp_trigger > DROP_OFF,0
USR_000383,meta_conversion > whatsapp_trigger > CONVERSION,1
USR_000384,meta_conversion > whatsapp_trigger > meta_awareness > DROP_OFF,0
USR_000385,meta_conversion > CONVERSION,1
USR_000386,meta_awareness > meta_awareness > meta_conversion > whatsapp_trigger > DROP_OFF,0
USR_000387,meta_awareness > DROP_OFF,0
USR_000388,meta_awareness > meta_awareness > meta_awareness > meta_conversion > DROP_OFF,0
USR_000389,meta_awareness > meta_conversion > DROP_OFF,0
USR_000390,meta_awareness > meta_conversion > CONVERSION,1
USR_000391,meta_awareness > DROP_OFF,0
USR_000392,whatsapp_trigger > CONVERSION,1
USR_000393,meta_awareness > DROP_OFF,0
USR_000394,meta_conversion > CONVERSION,1
USR_000395,meta_awareness > meta_conversion > CONVERSION,1
USR_000396,meta_conversion > CONVERSION,1
USR_000397,meta_awareness > whatsapp_trigger > CONVERSION,1
USR_000398,whatsapp_trigger > CONVERSION,1
USR_000399,meta_conversion > CONVERSION,1
USR_000400,meta_awareness > whatsapp_trigger > CONVERSION,1
USR_000401,meta_awareness > meta_conversion > CONVERSION,1
USR_000402,meta_awareness > DROP_OFF,0
USR_000403,meta_awareness > DROP_OFF,0
USR_000404,meta_awareness > meta_conversion > CONVERSION,1
USR_000405,meta_conversion > meta_conversion > CONVERSION,1
USR_000406,meta_awareness > meta_conversion > CONVERSION,1
USR_000407,meta_awareness > meta_conversion > CONVERSION,1
USR_000408,meta_conversion > CONVERSION,1
USR_000409,whatsapp_trigger > whatsapp_trigger > CONVERSION,1
USR_000410,meta_awareness > DROP_OFF,0
USR_000411,meta_awareness > whatsapp_trigger > CONVERSION,1
USR_000412,meta_awareness > meta_awareness > DROP_OFF,0
USR_000413,whatsapp_trigger > CONVERSION,1
USR_000414,meta_conversion > CONVERSION,1
USR_000415,meta_awareness > whatsapp_trigger > CONVERSION,1
USR_000416,meta_awareness > meta_conversion > DROP_OFF,0
USR_000417,meta_awareness > meta_awareness > meta_conversion > CONVERSION,1
USR_000418,meta_awareness > whatsapp_trigger > CONVERSION,1
USR_000419,meta_conversion > CONVERSION,1
USR_000420,meta_awareness > meta_conversion > CONVERSION,1
USR_000421,meta_awareness > meta_conversion > CONVERSION,1
USR_000422,meta_awareness > meta_conversion > whatsapp_trigger > CONVERSION,1
USR_000423,whatsapp_trigger > DROP_OFF,0
USR_000424,whatsapp_trigger > whatsapp_trigger > CONVERSION,1
USR_000425,meta_awareness > meta_conversion > DROP_OFF,0
USR_000426,meta_conversion > whatsapp_trigger > DROP_OFF,0
USR_000427,meta_conversion > meta_conversion > DROP_OFF,0
USR_000428,meta_conversion > CONVERSION,1
USR_000429,meta_awareness > meta_conversion > CONVERSION,1
USR_000430,meta_awareness > meta_conversion > whatsapp_trigger > DROP_OFF,0
USR_000431,meta_awareness > whatsapp_trigger > CONVERSION,1
USR_000432,meta_awareness > meta_conversion > whatsapp_trigger > CONVERSION,1
USR_000433,meta_conversion > meta_conversion > meta_conversion > DROP_OFF,0
USR_000434,meta_awareness > meta_awareness > meta_conversion > DROP_OFF,0
USR_000435,meta_awareness > meta_conversion > whatsapp_trigger > CONVERSION,1
USR_000436,meta_awareness > meta_conversion > DROP_OFF,0
USR_000437,meta_awareness > DROP_OFF,0
USR_000438,meta_conversion > whatsapp_trigger > CONVERSION,1
USR_000439,meta_awareness > DROP_OFF,0
USR_000440,meta_awareness > DROP_OFF,0
USR_000441,meta_awareness > meta_conversion > whatsapp_trigger > CONVERSION,1
USR_000442,meta_conversion > whatsapp_trigger > DROP_OFF,0
USR_000443,meta_awareness > meta_conversion > CONVERSION,1
USR_000444,meta_awareness > meta_conversion > whatsapp_trigger > meta_awareness > meta_awareness > meta_conversion > whatsapp_trigger > CONVERSION,1
USR_000445,meta_awareness > meta_conversion > whatsapp_trigger > CONVERSION,1
USR_000446,meta_conversion > meta_conversion > DROP_OFF,0
USR_000447,meta_awareness > meta_conversion > meta_conversion > whatsapp_trigger > CONVERSION,1
USR_000448,meta_awareness > DROP_OFF,0
USR_000449,meta_awareness > meta_conversion > CONVERSION,1
USR_000450,meta_awareness > DROP_OFF,0
USR_000451,meta_awareness > meta_conversion > whatsapp_trigger > DROP_OFF,0
USR_000452,meta_awareness > meta_conversion > CONVERSION,1
USR_000453,meta_awareness > whatsapp_trigger > CONVERSION,1
USR_000454,meta_awareness > meta_awareness > whatsapp_trigger > whatsapp_trigger > CONVERSION,1
USR_000455,meta_conversion > DROP_OFF,0
USR_000456,meta_awareness > DROP_OFF,0
USR_000457,meta_awareness > meta_conversion > CONVERSION,1
USR_000458,meta_conversion > CONVERSION,1
USR_000459,meta_awareness > DROP_OFF,0
USR_000460,meta_awareness > DROP_OFF,0
USR_000461,meta_conversion > DROP_OFF,0
USR_000462,meta_conversion > meta_conversion > CONVERSION,1
USR_000463,meta_awareness > meta_conversion > meta_conversion > CONVERSION,1
USR_000464,meta_awareness > meta_conversion > DROP_OFF,0
USR_000465,meta_awareness > meta_conversion > whatsapp_trigger > CONVERSION,1
USR_000466,meta_awareness > DROP_OFF,0
USR_000467,meta_awareness > DROP_OFF,0
USR_000468,meta_awareness > meta_conversion > whatsapp_trigger > whatsapp_trigger > CONVERSION,1
USR_000469,meta_conversion > whatsapp_trigger > meta_awareness > meta_conversion > whatsapp_trigger > CONVERSION,1
USR_000470,meta_awareness > meta_conversion > DROP_OFF,0
USR_000471,whatsapp_trigger > CONVERSION,1
USR_000472,meta_conversion > whatsapp_trigger > CONVERSION,1
USR_000473,meta_awareness > meta_conversion > whatsapp_trigger > CONVERSION,1
USR_000474,meta_conversion > meta_conversion > CONVERSION,1
USR_000475,whatsapp_trigger > whatsapp_trigger > DROP_OFF,0
USR_000476,meta_conversion > CONVERSION,1
USR_000477,meta_awareness > meta_awareness > meta_conversion > whatsapp_trigger > whatsapp_trigger > DROP_OFF,0
USR_000478,meta_conversion > DROP_OFF,0
USR_000479,whatsapp_trigger > CONVERSION,1
USR_000480,meta_awareness > DROP_OFF,0
USR_000481,meta_conversion > CONVERSION,1
USR_000482,meta_conversion > whatsapp_trigger > DROP_OFF,0
USR_000483,meta_awareness > whatsapp_trigger > CONVERSION,1
USR_000484,meta_conversion > CONVERSION,1
USR_000485,meta_conversion > whatsapp_trigger > CONVERSION,1
USR_000486,meta_awareness > meta_conversion > whatsapp_trigger > CONVERSION,1
USR_000487,meta_conversion > CONVERSION,1
USR_000488,whatsapp_trigger > whatsapp_trigger > CONVERSION,1
USR_000489,meta_awareness > DROP_OFF,0
USR_000490,meta_awareness > meta_conversion > whatsapp_trigger > CONVERSION,1
USR_000491,meta_conversion > CONVERSION,1
USR_000492,meta_conversion > DROP_OFF,0
USR_000493,meta_conversion > CONVERSION,1
USR_000494,meta_conversion > CONVERSION,1
USR_000495,whatsapp_trigger > DROP_OFF,0
USR_000496,meta_awareness > meta_conversion > CONVERSION,1
USR_000497,meta_conversion > meta_conversion > CONVERSION,1
USR_000498,meta_awareness > meta_conversion > CONVERSION,1
USR_000499,meta_awareness > whatsapp_trigger > CONVERSION,1
USR_000500,meta_awareness > meta_conversion > CONVERSION,1
USR_000501,meta_awareness > meta_conversion > CONVERSION,1
USR_000502,meta_conversion > DROP_OFF,0
USR_000503,meta_conversion > whatsapp_trigger > meta_awareness > meta_awareness > meta_conversion > DROP_OFF,0
USR_000504,meta_conversion > DROP_OFF,0
USR_000505,meta_awareness > meta_conversion > CONVERSION,1
USR_000506,whatsapp_trigger > CONVERSION,1
USR_000507,meta_conversion > DROP_OFF,0
USR_000508,meta_awareness > whatsapp_trigger > DROP_OFF,0
USR_000509,meta_awareness > DROP_OFF,0
USR_000510,meta_awareness > meta_conversion > DROP_OFF,0
USR_000511,whatsapp_trigger > CONVERSION,1
USR_000512,meta_awareness > meta_conversion > CONVERSION,1
USR_000513,meta_awareness > DROP_OFF,0
USR_000514,meta_awareness > meta_conversion > CONVERSION,1
USR_000515,meta_awareness > whatsapp_trigger > meta_awareness > meta_conversion > CONVERSION,1
USR_000516,whatsapp_trigger > meta_awareness > DROP_OFF,0
USR_000517,meta_awareness > meta_conversion > whatsapp_trigger > meta_awareness > DROP_OFF,0
USR_000518,meta_awareness > meta_conversion > CONVERSION,1
USR_000519,meta_awareness > meta_awareness > meta_conversion > CONVERSION,1
USR_000520,meta_awareness > whatsapp_trigger > meta_awareness > meta_conversion > CONVERSION,1
USR_000521,meta_conversion > whatsapp_trigger > DROP_OFF,0
USR_000522,meta_conversion > CONVERSION,1
USR_000523,meta_conversion > DROP_OFF,0
USR_000524,meta_awareness > whatsapp_trigger > DROP_OFF,0
USR_000525,meta_awareness > meta_conversion > CONVERSION,1
USR_000526,meta_conversion > meta_conversion > whatsapp_trigger > CONVERSION,1
USR_000527,meta_awareness > whatsapp_trigger > meta_awareness > DROP_OFF,0
USR_000528,meta_awareness > meta_conversion > DROP_OFF,0
USR_000529,meta_awareness > DROP_OFF,0
USR_000530,meta_conversion > whatsapp_trigger > DROP_OFF,0
USR_000531,meta_conversion > CONVERSION,1
USR_000532,meta_conversion > DROP_OFF,0
USR_000533,meta_awareness > meta_awareness > meta_conversion > CONVERSION,1
USR_000534,meta_awareness > whatsapp_trigger > CONVERSION,1
USR_000535,meta_conversion > CONVERSION,1
USR_000536,meta_awareness > meta_conversion > CONVERSION,1
USR_000537,meta_conversion > CONVERSION,1
USR_000538,meta_awareness > meta_conversion > DROP_OFF,0
USR_000539,meta_conversion > CONVERSION,1
USR_000540,meta_awareness > meta_conversion > meta_conversion > meta_conversion > meta_conversion > CONVERSION,1
USR_000541,meta_awareness > meta_conversion > CONVERSION,1
USR_000542,meta_conversion > whatsapp_trigger > CONVERSION,1
USR_000543,meta_awareness > meta_conversion > CONVERSION,1
USR_000544,meta_awareness > meta_conversion > CONVERSION,1
USR_000545,meta_awareness > meta_conversion > DROP_OFF,0
USR_000546,meta_awareness > DROP_OFF,0
USR_000547,meta_awareness > whatsapp_trigger > DROP_OFF,0
USR_000548,whatsapp_trigger > DROP_OFF,0
USR_000549,meta_conversion > CONVERSION,1
USR_000550,meta_awareness > meta_conversion > whatsapp_trigger > CONVERSION,1
USR_000551,meta_awareness > whatsapp_trigger > CONVERSION,1
USR_000552,meta_awareness > DROP_OFF,0
USR_000553,meta_awareness > whatsapp_trigger > CONVERSION,1
USR_000554,meta_awareness > meta_conversion > CONVERSION,1
USR_000555,meta_awareness > meta_conversion > meta_conversion > whatsapp_trigger > CONVERSION,1
USR_000556,whatsapp_trigger > DROP_OFF,0
USR_000557,meta_awareness > meta_conversion > meta_conversion > CONVERSION,1
USR_000558,meta_conversion > meta_conversion > whatsapp_trigger > CONVERSION,1
USR_000559,meta_conversion > CONVERSION,1
USR_000560,meta_conversion > CONVERSION,1
USR_000561,meta_awareness > whatsapp_trigger > DROP_OFF,0
USR_000562,meta_conversion > CONVERSION,1
USR_000563,meta_awareness > meta_conversion > whatsapp_trigger > CONVERSION,1
USR_000564,meta_awareness > meta_conversion > meta_conversion > CONVERSION,1
USR_000565,meta_conversion > CONVERSION,1
USR_000566,meta_conversion > whatsapp_trigger > CONVERSION,1
USR_000567,meta_awareness > whatsapp_trigger > CONVERSION,1
USR_000568,meta_awareness > whatsapp_trigger > DROP_OFF,0
USR_000569,meta_conversion > whatsapp_trigger > whatsapp_trigger > DROP_OFF,0
USR_000570,meta_conversion > whatsapp_trigger > CONVERSION,1
USR_000571,meta_conversion > CONVERSION,1
USR_000572,whatsapp_trigger > CONVERSION,1
USR_000573,meta_awareness > whatsapp_trigger > CONVERSION,1
USR_000574,meta_awareness > meta_conversion > whatsapp_trigger > whatsapp_trigger > CONVERSION,1
USR_000575,meta_conversion > CONVERSION,1
USR_000576,meta_awareness > meta_conversion > CONVERSION,1
USR_000577,meta_conversion > whatsapp_trigger > meta_awareness > DROP_OFF,0
USR_000578,meta_awareness > whatsapp_trigger > CONVERSION,1
USR_000579,meta_conversion > DROP_OFF,0
USR_000580,meta_awareness > meta_conversion > CONVERSION,1
USR_000581,meta_awareness > meta_conversion > CONVERSION,1
USR_000582,meta_awareness > DROP_OFF,0
USR_000583,meta_conversion > whatsapp_trigger > CONVERSION,1
USR_000584,meta_awareness > whatsapp_trigger > CONVERSION,1
USR_000585,meta_conversion > CONVERSION,1
USR_000586,meta_awareness > meta_conversion > whatsapp_trigger > CONVERSION,1
USR_000587,meta_awareness > meta_awareness > whatsapp_trigger > CONVERSION,1
USR_000588,meta_awareness > meta_conversion > whatsapp_trigger > CONVERSION,1
USR_000589,meta_awareness > meta_conversion > meta_conversion > DROP_OFF,0
USR_000590,meta_awareness > meta_conversion > DROP_OFF,0
USR_000591,meta_awareness > whatsapp_trigger > CONVERSION,1
USR_000592,meta_awareness > meta_conversion > whatsapp_trigger > CONVERSION,1
USR_000593,meta_conversion > DROP_OFF,0
USR_000594,meta_conversion > CONVERSION,1
USR_000595,meta_awareness > whatsapp_trigger > DROP_OFF,0
USR_000596,meta_awareness > DROP_OFF,0
USR_000597,meta_awareness > whatsapp_trigger > CONVERSION,1
USR_000598,whatsapp_trigger > meta_awareness > meta_conversion > CONVERSION,1
USR_000599,meta_conversion > whatsapp_trigger > DROP_OFF,0
USR_000600,whatsapp_trigger > CONVERSION,1
USR_000601,meta_conversion > DROP_OFF,0
USR_000602,meta_awareness > meta_conversion > CONVERSION,1
USR_000603,meta_awareness > meta_conversion > whatsapp_trigger > CONVERSION,1
USR_000604,meta_awareness > meta_conversion > whatsapp_trigger > whatsapp_trigger > DROP_OFF,0
USR_000605,meta_awareness > whatsapp_trigger > whatsapp_trigger > CONVERSION,1
USR_000606,meta_awareness > DROP_OFF,0
USR_000607,meta_conversion > CONVERSION,1
USR_000608,meta_conversion > DROP_OFF,0
USR_000609,meta_awareness > meta_conversion > CONVERSION,1
USR_000610,meta_conversion > whatsapp_trigger > DROP_OFF,0
USR_000611,meta_awareness > meta_conversion > DROP_OFF,0
USR_000612,meta_awareness > DROP_OFF,0
USR_000613,meta_awareness > meta_conversion > whatsapp_trigger > DROP_OFF,0
USR_000614,meta_awareness > DROP_OFF,0
USR_000615,meta_awareness > DROP_OFF,0
USR_000616,meta_awareness > meta_awareness > meta_conversion > DROP_OFF,0
USR_000617,meta_awareness > meta_conversion > DROP_OFF,0
USR_000618,meta_awareness > DROP_OFF,0
USR_000619,meta_awareness > DROP_OFF,0
USR_000620,meta_awareness > meta_awareness > meta_conversion > whatsapp_trigger > meta_awareness > DROP_OFF,0
USR_000621,meta_awareness > meta_awareness > meta_awareness > meta_conversion > DROP_OFF,0
USR_000622,meta_awareness > meta_conversion > CONVERSION,1
USR_000623,meta_awareness > whatsapp_trigger > CONVERSION,1
USR_000624,meta_awareness > meta_conversion > DROP_OFF,0
USR_000625,whatsapp_trigger > CONVERSION,1
USR_000626,meta_conversion > whatsapp_trigger > DROP_OFF,0
USR_000627,meta_conversion > whatsapp_trigger > CONVERSION,1
USR_000628,meta_awareness > DROP_OFF,0
USR_000629,whatsapp_trigger > CONVERSION,1
USR_000630,meta_conversion > CONVERSION,1
USR_000631,meta_conversion > DROP_OFF,0
USR_000632,meta_awareness > meta_awareness > DROP_OFF,0
USR_000633,meta_awareness > meta_conversion > whatsapp_trigger > CONVERSION,1
USR_000634,meta_conversion > CONVERSION,1
USR_000635,meta_awareness > whatsapp_trigger > DROP_OFF,0
USR_000636,whatsapp_trigger > CONVERSION,1
USR_000637,meta_awareness > meta_conversion > DROP_OFF,0
USR_000638,meta_awareness > meta_conversion > CONVERSION,1
USR_000639,meta_awareness > meta_conversion > whatsapp_trigger > whatsapp_trigger > CONVERSION,1
USR_000640,meta_conversion > CONVERSION,1
USR_000641,meta_awareness > meta_conversion > meta_conversion > whatsapp_trigger > CONVERSION,1
USR_000642,meta_conversion > meta_conversion > CONVERSION,1
USR_000643,meta_awareness > DROP_OFF,0
USR_000644,meta_awareness > meta_conversion > DROP_OFF,0
USR_000645,meta_conversion > CONVERSION,1
USR_000646,meta_conversion > whatsapp_trigger > CONVERSION,1
USR_000647,meta_conversion > whatsapp_trigger > CONVERSION,1
USR_000648,meta_conversion > CONVERSION,1
USR_000649,meta_awareness > meta_conversion > whatsapp_trigger > CONVERSION,1
USR_000650,meta_conversion > whatsapp_trigger > CONVERSION,1
USR_000651,meta_conversion > CONVERSION,1
USR_000652,meta_conversion > whatsapp_trigger > CONVERSION,1
USR_000653,meta_awareness > meta_conversion > DROP_OFF,0
USR_000654,meta_awareness > meta_awareness > DROP_OFF,0
USR_000655,meta_awareness > whatsapp_trigger > meta_awareness > meta_conversion > whatsapp_trigger > CONVERSION,1
USR_000656,meta_conversion > meta_conversion > meta_conversion > CONVERSION,1
USR_000657,meta_conversion > DROP_OFF,0
USR_000658,whatsapp_trigger > CONVERSION,1
USR_000659,meta_conversion > CONVERSION,1
USR_000660,meta_awareness > meta_conversion > CONVERSION,1
USR_000661,meta_awareness > whatsapp_trigger > CONVERSION,1
USR_000662,meta_awareness > whatsapp_trigger > CONVERSION,1
USR_000663,meta_awareness > whatsapp_trigger > whatsapp_trigger > meta_awareness > meta_conversion > CONVERSION,1
USR_000664,meta_awareness > meta_conversion > meta_conversion > whatsapp_trigger > CONVERSION,1
USR_000665,meta_awareness > whatsapp_trigger > DROP_OFF,0
USR_000666,whatsapp_trigger > CONVERSION,1
USR_000667,meta_awareness > DROP_OFF,0
USR_000668,meta_awareness > meta_conversion > CONVERSION,1
USR_000669,meta_awareness > DROP_OFF,0
USR_000670,meta_awareness > meta_conversion > CONVERSION,1
USR_000671,meta_awareness > DROP_OFF,0
USR_000672,meta_awareness > meta_conversion > CONVERSION,1
USR_000673,meta_awareness > meta_conversion > DROP_OFF,0
USR_000674,meta_awareness > DROP_OFF,0
USR_000675,meta_awareness > meta_conversion > CONVERSION,1
USR_000676,meta_conversion > CONVERSION,1
USR_000677,meta_awareness > meta_conversion > meta_conversion > CONVERSION,1
USR_000678,meta_awareness > meta_awareness > whatsapp_trigger > CONVERSION,1
USR_000679,meta_conversion > CONVERSION,1
USR_000680,meta_awareness > meta_conversion > whatsapp_trigger > DROP_OFF,0
USR_000681,meta_conversion > CONVERSION,1
USR_000682,meta_awareness > meta_conversion > CONVERSION,1
USR_000683,whatsapp_trigger > CONVERSION,1
USR_000684,meta_awareness > whatsapp_trigger > CONVERSION,1
USR_000685,meta_awareness > whatsapp_trigger > whatsapp_trigger > whatsapp_trigger > CONVERSION,1
USR_000686,whatsapp_trigger > whatsapp_trigger > CONVERSION,1
USR_000687,meta_awareness > DROP_OFF,0
USR_000688,meta_conversion > CONVERSION,1
USR_000689,meta_conversion > DROP_OFF,0
USR_000690,meta_conversion > CONVERSION,1
USR_000691,whatsapp_trigger > CONVERSION,1
USR_000692,meta_conversion > whatsapp_trigger > CONVERSION,1
USR_000693,meta_awareness > meta_awareness > meta_conversion > whatsapp_trigger > CONVERSION,1
USR_000694,whatsapp_trigger > CONVERSION,1
USR_000695,meta_conversion > whatsapp_trigger > whatsapp_trigger > CONVERSION,1
USR_000696,meta_awareness > DROP_OFF,0
USR_000697,meta_awareness > DROP_OFF,0
USR_000698,meta_conversion > CONVERSION,1
USR_000699,meta_awareness > whatsapp_trigger > CONVERSION,1
USR_000700,meta_awareness > meta_conversion > CONVERSION,1
USR_000701,meta_awareness > whatsapp_trigger > meta_awareness > meta_conversion > CONVERSION,1
USR_000702,meta_conversion > whatsapp_trigger > DROP_OFF,0
USR_000703,meta_conversion > whatsapp_trigger > whatsapp_trigger > CONVERSION,1
USR_000704,meta_conversion > CONVERSION,1
USR_000705,meta_awareness > whatsapp_trigger > meta_awareness > meta_conversion > meta_conversion > whatsapp_trigger > meta_awareness > meta_conversion > DROP_OFF,0
USR_000706,meta_awareness > meta_conversion > DROP_OFF,0
USR_000707,meta_awareness > meta_conversion > whatsapp_trigger > CONVERSION,1
USR_000708,meta_awareness > whatsapp_trigger > CONVERSION,1
USR_000709,meta_conversion > CONVERSION,1
USR_000710,meta_awareness > DROP_OFF,0
USR_000711,meta_awareness > meta_conversion > CONVERSION,1
USR_000712,meta_awareness > meta_conversion > meta_conversion > whatsapp_trigger > whatsapp_trigger > CONVERSION,1
USR_000713,meta_awareness > DROP_OFF,0
USR_000714,meta_conversion > CONVERSION,1
USR_000715,meta_conversion > whatsapp_trigger > CONVERSION,1
USR_000716,meta_awareness > meta_conversion > CONVERSION,1
USR_000717,meta_conversion > CONVERSION,1
USR_000718,meta_awareness > meta_conversion > meta_conversion > whatsapp_trigger > meta_awareness > whatsapp_trigger > CONVERSION,1
USR_000719,meta_awareness > whatsapp_trigger > CONVERSION,1
USR_000720,meta_awareness > meta_conversion > meta_conversion > meta_conversion > CONVERSION,1
USR_000721,meta_conversion > CONVERSION,1
USR_000722,meta_conversion > DROP_OFF,0
USR_000723,meta_awareness > meta_conversion > whatsapp_trigger > CONVERSION,1
USR_000724,meta_awareness > whatsapp_trigger > CONVERSION,1
USR_000725,meta_awareness > meta_conversion > DROP_OFF,0
USR_000726,meta_awareness > DROP_OFF,0
USR_000727,meta_awareness > meta_conversion > DROP_OFF,0
USR_000728,meta_conversion > DROP_OFF,0
USR_000729,meta_awareness > meta_conversion > CONVERSION,1
USR_000730,meta_awareness > meta_conversion > CONVERSION,1
USR_000731,meta_awareness > meta_conversion > CONVERSION,1
USR_000732,meta_awareness > meta_conversion > CONVERSION,1
USR_000733,meta_conversion > CONVERSION,1
USR_000734,meta_conversion > CONVERSION,1
USR_000735,meta_awareness > whatsapp_trigger > CONVERSION,1
USR_000736,meta_conversion > whatsapp_trigger > CONVERSION,1
USR_000737,meta_awareness > meta_awareness > meta_awareness > meta_conversion > CONVERSION,1
USR_000738,meta_awareness > whatsapp_trigger > DROP_OFF,0
USR_000739,meta_awareness > DROP_OFF,0
USR_000740,meta_conversion > CONVERSION,1
USR_000741,meta_awareness > whatsapp_trigger > CONVERSION,1
USR_000742,meta_conversion > whatsapp_trigger > DROP_OFF,0
USR_000743,meta_conversion > DROP_OFF,0
USR_000744,meta_conversion > DROP_OFF,0
USR_000745,meta_awareness > whatsapp_trigger > CONVERSION,1
USR_000746,meta_awareness > meta_conversion > CONVERSION,1
USR_000747,whatsapp_trigger > CONVERSION,1
USR_000748,meta_conversion > DROP_OFF,0
USR_000749,meta_awareness > meta_awareness > meta_awareness > meta_conversion > CONVERSION,1
USR_000750,meta_conversion > meta_conversion > CONVERSION,1
USR_000751,meta_awareness > DROP_OFF,0
USR_000752,whatsapp_trigger > meta_awareness > meta_awareness > meta_conversion > CONVERSION,1
USR_000753,meta_awareness > whatsapp_trigger > CONVERSION,1
USR_000754,meta_conversion > CONVERSION,1
USR_000755,meta_awareness > whatsapp_trigger > CONVERSION,1
USR_000756,meta_awareness > meta_conversion > whatsapp_trigger > CONVERSION,1
USR_000757,meta_conversion > CONVERSION,1
USR_000758,meta_awareness > DROP_OFF,0
USR_000759,meta_awareness > DROP_OFF,0
USR_000760,meta_conversion > whatsapp_trigger > CONVERSION,1
USR_000761,meta_conversion > DROP_OFF,0
USR_000762,meta_awareness > DROP_OFF,0
USR_000763,meta_awareness > meta_awareness > meta_awareness > meta_conversion > meta_conversion > DROP_OFF,0
USR_000764,meta_awareness > meta_conversion > DROP_OFF,0
USR_000765,meta_awareness > meta_awareness > meta_conversion > whatsapp_trigger > DROP_OFF,0
USR_000766,meta_conversion > meta_conversion > meta_conversion > DROP_OFF,0
USR_000767,meta_awareness > meta_conversion > DROP_OFF,0
USR_000768,meta_awareness > meta_conversion > CONVERSION,1
USR_000769,meta_awareness > whatsapp_trigger > whatsapp_trigger > CONVERSION,1
USR_000770,meta_awareness > whatsapp_trigger > CONVERSION,1
USR_000771,meta_awareness > DROP_OFF,0
USR_000772,meta_awareness > meta_conversion > DROP_OFF,0
USR_000773,meta_awareness > meta_awareness > whatsapp_trigger > CONVERSION,1
USR_000774,meta_awareness > meta_conversion > meta_conversion > DROP_OFF,0
USR_000775,meta_awareness > meta_conversion > whatsapp_trigger > CONVERSION,1
USR_000776,meta_awareness > DROP_OFF,0
USR_000777,meta_awareness > meta_awareness > meta_conversion > whatsapp_trigger > meta_awareness > whatsapp_trigger > CONVERSION,1
USR_000778,meta_awareness > whatsapp_trigger > CONVERSION,1
USR_000779,meta_awareness > meta_conversion > CONVERSION,1
USR_000780,meta_awareness > meta_conversion > CONVERSION,1
USR_000781,meta_awareness > meta_conversion > whatsapp_trigger > CONVERSION,1
USR_000782,meta_awareness > meta_conversion > whatsapp_trigger > CONVERSION,1
USR_000783,meta_conversion > CONVERSION,1
USR_000784,meta_awareness > whatsapp_trigger > DROP_OFF,0
USR_000785,meta_awareness > meta_conversion > CONVERSION,1
USR_000786,meta_awareness > DROP_OFF,0
USR_000787,meta_awareness > meta_conversion > whatsapp_trigger > DROP_OFF,0
USR_000788,whatsapp_trigger > CONVERSION,1
USR_000789,meta_conversion > DROP_OFF,0
USR_000790,meta_awareness > meta_conversion > whatsapp_trigger > whatsapp_trigger > CONVERSION,1
USR_000791,meta_awareness > meta_conversion > CONVERSION,1
USR_000792,meta_awareness > DROP_OFF,0
USR_000793,meta_conversion > CONVERSION,1
USR_000794,meta_conversion > CONVERSION,1
USR_000795,meta_awareness > meta_conversion > whatsapp_trigger > CONVERSION,1
USR_000796,meta_conversion > whatsapp_trigger > CONVERSION,1
USR_000797,meta_awareness > meta_conversion > CONVERSION,1
USR_000798,meta_awareness > meta_awareness > whatsapp_trigger > DROP_OFF,0
USR_000799,meta_awareness > meta_conversion > DROP_OFF,0
USR_000800,meta_awareness > whatsapp_trigger > DROP_OFF,0
USR_000801,meta_awareness > meta_conversion > CONVERSION,1
USR_000802,meta_awareness > whatsapp_trigger > CONVERSION,1
USR_000803,meta_awareness > DROP_OFF,0
USR_000804,meta_awareness > meta_awareness > meta_conversion > CONVERSION,1
USR_000805,meta_conversion > CONVERSION,1
USR_000806,meta_conversion > DROP_OFF,0
USR_000807,meta_awareness > DROP_OFF,0
USR_000808,meta_awareness > meta_conversion > DROP_OFF,0
USR_000809,whatsapp_trigger > CONVERSION,1
USR_000810,meta_awareness > meta_conversion > CONVERSION,1
USR_000811,meta_awareness > DROP_OFF,0
USR_000812,meta_awareness > meta_conversion > CONVERSION,1
USR_000813,meta_awareness > meta_conversion > DROP_OFF,0
USR_000814,meta_awareness > meta_conversion > DROP_OFF,0
USR_000815,meta_awareness > meta_conversion > CONVERSION,1
USR_000816,meta_awareness > meta_awareness > meta_conversion > DROP_OFF,0
USR_000817,meta_awareness > meta_conversion > CONVERSION,1
USR_000818,whatsapp_trigger > meta_awareness > whatsapp_trigger > CONVERSION,1
USR_000819,meta_conversion > CONVERSION,1
USR_000820,meta_conversion > CONVERSION,1
USR_000821,meta_conversion > DROP_OFF,0
USR_000822,meta_awareness > DROP_OFF,0
USR_000823,meta_conversion > whatsapp_trigger > DROP_OFF,0
USR_000824,meta_awareness > meta_conversion > whatsapp_trigger > CONVERSION,1
USR_000825,whatsapp_trigger > CONVERSION,1
USR_000826,meta_awareness > meta_awareness > whatsapp_trigger > DROP_OFF,0
USR_000827,meta_awareness > DROP_OFF,0
USR_000828,meta_awareness > meta_conversion > CONVERSION,1
USR_000829,meta_awareness > DROP_OFF,0
USR_000830,meta_conversion > DROP_OFF,0
USR_000831,whatsapp_trigger > whatsapp_trigger > CONVERSION,1
USR_000832,whatsapp_trigger > meta_awareness > whatsapp_trigger > CONVERSION,1
USR_000833,meta_conversion > meta_conversion > DROP_OFF,0
USR_000834,meta_awareness > DROP_OFF,0
USR_000835,meta_conversion > CONVERSION,1
USR_000836,meta_conversion > whatsapp_trigger > DROP_OFF,0
USR_000837,meta_awareness > DROP_OFF,0
USR_000838,meta_awareness > whatsapp_trigger > CONVERSION,1
USR_000839,meta_conversion > whatsapp_trigger > meta_awareness > whatsapp_trigger > CONVERSION,1
USR_000840,meta_conversion > CONVERSION,1
USR_000841,meta_awareness > meta_conversion > DROP_OFF,0
USR_000842,meta_conversion > CONVERSION,1
USR_000843,meta_awareness > meta_conversion > DROP_OFF,0
USR_000844,meta_awareness > meta_conversion > whatsapp_trigger > CONVERSION,1
USR_000845,meta_awareness > whatsapp_trigger > CONVERSION,1
USR_000846,meta_awareness > meta_conversion > CONVERSION,1
USR_000847,meta_awareness > DROP_OFF,0
USR_000848,meta_awareness > DROP_OFF,0
USR_000849,meta_conversion > DROP_OFF,0
USR_000850,whatsapp_trigger > meta_awareness > DROP_OFF,0
USR_000851,meta_conversion > whatsapp_trigger > CONVERSION,1
USR_000852,meta_conversion > CONVERSION,1
USR_000853,meta_conversion > whatsapp_trigger > CONVERSION,1
USR_000854,meta_conversion > CONVERSION,1
USR_000855,meta_conversion > whatsapp_trigger > CONVERSION,1
USR_000856,meta_awareness > meta_conversion > DROP_OFF,0
USR_000857,meta_conversion > whatsapp_trigger > whatsapp_trigger > DROP_OFF,0
USR_000858,meta_awareness > DROP_OFF,0
USR_000859,meta_awareness > meta_conversion > CONVERSION,1
USR_000860,meta_awareness > DROP_OFF,0
USR_000861,meta_awareness > meta_conversion > whatsapp_trigger > whatsapp_trigger > CONVERSION,1
USR_000862,meta_awareness > meta_conversion > CONVERSION,1
USR_000863,meta_awareness > meta_conversion > DROP_OFF,0
USR_000864,meta_conversion > CONVERSION,1
USR_000865,meta_awareness > meta_conversion > CONVERSION,1
USR_000866,meta_conversion > CONVERSION,1
USR_000867,whatsapp_trigger > CONVERSION,1
USR_000868,meta_awareness > DROP_OFF,0
USR_000869,meta_conversion > CONVERSION,1
USR_000870,meta_awareness > meta_conversion > DROP_OFF,0
USR_000871,meta_awareness > meta_conversion > DROP_OFF,0
USR_000872,meta_conversion > meta_conversion > CONVERSION,1
USR_000873,meta_awareness > meta_conversion > whatsapp_trigger > CONVERSION,1
USR_000874,meta_conversion > whatsapp_trigger > CONVERSION,1
USR_000875,whatsapp_trigger > CONVERSION,1
USR_000876,meta_awareness > meta_awareness > meta_conversion > CONVERSION,1
USR_000877,meta_conversion > CONVERSION,1
USR_000878,meta_conversion > CONVERSION,1
USR_000879,meta_awareness > whatsapp_trigger > meta_awareness > meta_awareness > whatsapp_trigger > meta_awareness > meta_conversion > whatsapp_trigger > CONVERSION,1
USR_000880,meta_awareness > meta_awareness > DROP_OFF,0
USR_000881,meta_awareness > meta_conversion > meta_conversion > CONVERSION,1
USR_000882,whatsapp_trigger > CONVERSION,1
USR_000883,meta_awareness > whatsapp_trigger > CONVERSION,1
USR_000884,meta_conversion > CONVERSION,1
USR_000885,meta_awareness > meta_conversion > whatsapp_trigger > DROP_OFF,0
USR_000886,meta_conversion > CONVERSION,1
USR_000887,meta_awareness > meta_conversion > CONVERSION,1
USR_000888,meta_conversion > CONVERSION,1
USR_000889,meta_awareness > meta_conversion > DROP_OFF,0
USR_000890,meta_conversion > DROP_OFF,0
USR_000891,meta_awareness > meta_conversion > CONVERSION,1
USR_000892,whatsapp_trigger > CONVERSION,1
USR_000893,meta_awareness > whatsapp_trigger > meta_awareness > meta_conversion > CONVERSION,1
USR_000894,meta_awareness > meta_conversion > DROP_OFF,0
USR_000895,meta_awareness > meta_awareness > meta_awareness > DROP_OFF,0
USR_000896,meta_awareness > meta_conversion > CONVERSION,1
USR_000897,meta_awareness > meta_conversion > CONVERSION,1
USR_000898,meta_conversion > whatsapp_trigger > meta_awareness > DROP_OFF,0
USR_000899,meta_conversion > CONVERSION,1
USR_000900,meta_awareness > DROP_OFF,0
USR_000901,meta_awareness > DROP_OFF,0
USR_000902,meta_awareness > whatsapp_trigger > whatsapp_trigger > CONVERSION,1
USR_000903,meta_awareness > whatsapp_trigger > CONVERSION,1
USR_000904,meta_awareness > meta_conversion > DROP_OFF,0
USR_000905,meta_conversion > CONVERSION,1
USR_000906,meta_conversion > DROP_OFF,0
USR_000907,meta_awareness > DROP_OFF,0
USR_000908,meta_awareness > meta_awareness > DROP_OFF,0
USR_000909,meta_awareness > whatsapp_trigger > CONVERSION,1
USR_000910,meta_awareness > meta_conversion > CONVERSION,1
USR_000911,meta_conversion > CONVERSION,1
USR_000912,meta_conversion > CONVERSION,1
USR_000913,meta_conversion > whatsapp_trigger > DROP_OFF,0
USR_000914,meta_awareness > meta_conversion > DROP_OFF,0
USR_000915,meta_awareness > whatsapp_trigger > whatsapp_trigger > CONVERSION,1
USR_000916,meta_awareness > whatsapp_trigger > CONVERSION,1
USR_000917,meta_conversion > meta_conversion > CONVERSION,1
USR_000918,meta_awareness > whatsapp_trigger > CONVERSION,1
USR_000919,meta_awareness > whatsapp_trigger > CONVERSION,1
USR_000920,meta_conversion > CONVERSION,1
USR_000921,meta_awareness > meta_awareness > whatsapp_trigger > DROP_OFF,0
USR_000922,meta_awareness > meta_conversion > DROP_OFF,0
USR_000923,meta_awareness > meta_awareness > meta_conversion > DROP_OFF,0
USR_000924,meta_conversion > whatsapp_trigger > CONVERSION,1
USR_000925,meta_awareness > DROP_OFF,0
USR_000926,meta_conversion > whatsapp_trigger > CONVERSION,1
USR_000927,meta_conversion > DROP_OFF,0
USR_000928,meta_awareness > meta_conversion > meta_conversion > CONVERSION,1
USR_000929,meta_awareness > DROP_OFF,0
USR_000930,meta_conversion > CONVERSION,1
USR_000931,meta_awareness > whatsapp_trigger > CONVERSION,1
USR_000932,meta_awareness > meta_awareness > DROP_OFF,0
USR_000933,meta_awareness > meta_conversion > DROP_OFF,0
USR_000934,meta_awareness > whatsapp_trigger > whatsapp_trigger > DROP_OFF,0
USR_000935,meta_awareness > meta_conversion > CONVERSION,1
USR_000936,meta_conversion > DROP_OFF,0
USR_000937,meta_conversion > CONVERSION,1
USR_000938,meta_conversion > CONVERSION,1
USR_000939,meta_awareness > meta_conversion > CONVERSION,1
USR_000940,meta_awareness > whatsapp_trigger > CONVERSION,1
USR_000941,meta_awareness > meta_conversion > whatsapp_trigger > CONVERSION,1
USR_000942,meta_awareness > DROP_OFF,0
USR_000943,meta_conversion > whatsapp_trigger > CONVERSION,1
USR_000944,meta_awareness > DROP_OFF,0
USR_000945,meta_awareness > meta_conversion > DROP_OFF,0
USR_000946,meta_conversion > CONVERSION,1
USR_000947,meta_awareness > whatsapp_trigger > CONVERSION,1
USR_000948,meta_awareness > whatsapp_trigger > DROP_OFF,0
USR_000949,meta_awareness > DROP_OFF,0
USR_000950,meta_conversion > whatsapp_trigger > whatsapp_trigger > CONVERSION,1
USR_000951,meta_awareness > meta_conversion > whatsapp_trigger > CONVERSION,1
USR_000952,meta_awareness > meta_awareness > whatsapp_trigger > CONVERSION,1
USR_000953,meta_awareness > meta_conversion > DROP_OFF,0
USR_000954,meta_awareness > whatsapp_trigger > CONVERSION,1
USR_000955,meta_conversion > DROP_OFF,0
USR_000956,meta_conversion > CONVERSION,1
USR_000957,meta_conversion > CONVERSION,1
USR_000958,meta_awareness > meta_conversion > whatsapp_trigger > CONVERSION,1
USR_000959,whatsapp_trigger > DROP_OFF,0
USR_000960,meta_awareness > DROP_OFF,0
USR_000961,meta_awareness > meta_conversion > whatsapp_trigger > CONVERSION,1
USR_000962,meta_awareness > meta_conversion > whatsapp_trigger > whatsapp_trigger > CONVERSION,1
USR_000963,meta_conversion > whatsapp_trigger > CONVERSION,1
USR_000964,whatsapp_trigger > CONVERSION,1
USR_000965,meta_conversion > whatsapp_trigger > CONVERSION,1
USR_000966,meta_conversion > CONVERSION,1
USR_000967,meta_awareness > whatsapp_trigger > whatsapp_trigger > CONVERSION,1
USR_000968,whatsapp_trigger > CONVERSION,1
USR_000969,meta_awareness > DROP_OFF,0
USR_000970,meta_awareness > meta_awareness > DROP_OFF,0
USR_000971,whatsapp_trigger > whatsapp_trigger > CONVERSION,1
USR_000972,meta_awareness > meta_awareness > meta_conversion > CONVERSION,1
USR_000973,meta_awareness > meta_conversion > whatsapp_trigger > CONVERSION,1
USR_000974,whatsapp_trigger > whatsapp_trigger > CONVERSION,1
USR_000975,meta_awareness > meta_conversion > CONVERSION,1
USR_000976,meta_conversion > CONVERSION,1
USR_000977,whatsapp_trigger > DROP_OFF,0
USR_000978,meta_awareness > meta_conversion > CONVERSION,1
USR_000979,meta_awareness > whatsapp_trigger > DROP_OFF,0
USR_000980,meta_conversion > CONVERSION,1
USR_000981,meta_awareness > meta_conversion > meta_conversion > DROP_OFF,0
USR_000982,meta_awareness > meta_conversion > whatsapp_trigger > CONVERSION,1
USR_000983,meta_conversion > CONVERSION,1
USR_000984,meta_awareness > meta_awareness > meta_conversion > CONVERSION,1
USR_000985,meta_awareness > meta_awareness > DROP_OFF,0
USR_000986,meta_conversion > whatsapp_trigger > whatsapp_trigger > CONVERSION,1
USR_000987,meta_conversion > whatsapp_trigger > whatsapp_trigger > CONVERSION,1
USR_000988,meta_awareness > meta_conversion > DROP_OFF,0
USR_000989,meta_conversion > whatsapp_trigger > meta_awareness > meta_conversion > CONVERSION,1
USR_000990,meta_awareness > whatsapp_trigger > CONVERSION,1
USR_000991,meta_awareness > meta_conversion > whatsapp_trigger > CONVERSION,1
USR_000992,meta_awareness > meta_conversion > CONVERSION,1
USR_000993,meta_awareness > DROP_OFF,0
USR_000994,meta_awareness > meta_conversion > CONVERSION,1
USR_000995,meta_conversion > CONVERSION,1
USR_000996,meta_awareness > whatsapp_trigger > CONVERSION,1
USR_000997,meta_awareness > meta_conversion > CONVERSION,1
USR_000998,meta_awareness > DROP_OFF,0
USR_000999,meta_awareness > whatsapp_trigger > CONVERSION,1
USR_001000,meta_awareness > meta_conversion > CONVERSION,1
USR_001001,meta_conversion > whatsapp_trigger > CONVERSION,1
USR_001002,whatsapp_trigger > CONVERSION,1
USR_001003,meta_awareness > whatsapp_trigger > CONVERSION,1
USR_001004,meta_awareness > meta_conversion > whatsapp_trigger > CONVERSION,1
USR_001005,meta_conversion > meta_conversion > DROP_OFF,0
USR_001006,meta_awareness > meta_conversion > CONVERSION,1
USR_001007,meta_awareness > meta_conversion > CONVERSION,1
USR_001008,meta_conversion > whatsapp_trigger > whatsapp_trigger > CONVERSION,1
USR_001009,whatsapp_trigger > meta_awareness > DROP_OFF,0
USR_001010,whatsapp_trigger > whatsapp_trigger > CONVERSION,1
USR_001011,meta_conversion > CONVERSION,1
USR_001012,meta_awareness > whatsapp_trigger > CONVERSION,1
USR_001013,meta_awareness > whatsapp_trigger > DROP_OFF,0
USR_001014,meta_conversion > DROP_OFF,0
USR_001015,meta_conversion > DROP_OFF,0
USR_001016,meta_awareness > meta_conversion > CONVERSION,1
USR_001017,whatsapp_trigger > CONVERSION,1
USR_001018,meta_awareness > meta_conversion > CONVERSION,1
USR_001019,meta_awareness > meta_conversion > DROP_OFF,0
USR_001020,meta_awareness > meta_conversion > DROP_OFF,0
USR_001021,meta_awareness > meta_conversion > meta_conversion > CONVERSION,1
USR_001022,meta_conversion > whatsapp_trigger > CONVERSION,1
USR_001023,meta_conversion > whatsapp_trigger > CONVERSION,1
USR_001024,meta_awareness > DROP_OFF,0
USR_001025,whatsapp_trigger > CONVERSION,1
USR_001026,meta_conversion > whatsapp_trigger > meta_awareness > whatsapp_trigger > DROP_OFF,0
USR_001027,meta_awareness > meta_conversion > CONVERSION,1
USR_001028,meta_conversion > DROP_OFF,0
USR_001029,whatsapp_trigger > meta_awareness > meta_awareness > meta_conversion > DROP_OFF,0
USR_001030,meta_awareness > DROP_OFF,0
USR_001031,meta_awareness > DROP_OFF,0
USR_001032,meta_awareness > whatsapp_trigger > CONVERSION,1
USR_001033,meta_conversion > DROP_OFF,0
USR_001034,meta_awareness > meta_awareness > meta_conversion > CONVERSION,1
USR_001035,meta_conversion > whatsapp_trigger > CONVERSION,1
USR_001036,meta_awareness > meta_conversion > DROP_OFF,0
USR_001037,meta_conversion > whatsapp_trigger > CONVERSION,1
USR_001038,meta_awareness > DROP_OFF,0
USR_001039,meta_awareness > whatsapp_trigger > meta_awareness > meta_conversion > CONVERSION,1
USR_001040,meta_awareness > DROP_OFF,0
USR_001041,whatsapp_trigger > CONVERSION,1
USR_001042,meta_awareness > meta_conversion > DROP_OFF,0
USR_001043,meta_conversion > CONVERSION,1
USR_001044,meta_conversion > whatsapp_trigger > CONVERSION,1
USR_001045,meta_awareness > DROP_OFF,0
USR_001046,meta_conversion > CONVERSION,1
USR_001047,meta_conversion > whatsapp_trigger > CONVERSION,1
USR_001048,whatsapp_trigger > CONVERSION,1
USR_001049,meta_awareness > meta_conversion > CONVERSION,1
USR_001050,meta_awareness > meta_conversion > DROP_OFF,0
USR_001051,meta_awareness > whatsapp_trigger > CONVERSION,1
USR_001052,whatsapp_trigger > CONVERSION,1
USR_001053,meta_conversion > meta_conversion > whatsapp_trigger > CONVERSION,1
USR_001054,meta_conversion > whatsapp_trigger > whatsapp_trigger > meta_awareness > meta_conversion > DROP_OFF,0
USR_001055,meta_awareness > whatsapp_trigger > DROP_OFF,0
USR_001056,whatsapp_trigger > whatsapp_trigger > CONVERSION,1
USR_001057,meta_awareness > meta_conversion > DROP_OFF,0
USR_001058,meta_awareness > meta_awareness > meta_conversion > meta_conversion > DROP_OFF,0
USR_001059,meta_conversion > CONVERSION,1
USR_001060,meta_awareness > meta_awareness > DROP_OFF,0
USR_001061,whatsapp_trigger > DROP_OFF,0
USR_001062,meta_awareness > meta_conversion > DROP_OFF,0
USR_001063,meta_conversion > DROP_OFF,0
USR_001064,meta_conversion > CONVERSION,1
USR_001065,meta_awareness > meta_conversion > whatsapp_trigger > CONVERSION,1
USR_001066,meta_awareness > meta_awareness > meta_conversion > CONVERSION,1
USR_001067,meta_conversion > DROP_OFF,0
USR_001068,meta_awareness > meta_conversion > CONVERSION,1
USR_001069,meta_awareness > DROP_OFF,0
USR_001070,meta_awareness > meta_conversion > CONVERSION,1
USR_001071,meta_conversion > DROP_OFF,0
USR_001072,whatsapp_trigger > CONVERSION,1
USR_001073,meta_awareness > DROP_OFF,0
USR_001074,meta_conversion > CONVERSION,1
USR_001075,meta_awareness > DROP_OFF,0
USR_001076,meta_awareness > meta_conversion > DROP_OFF,0
USR_001077,whatsapp_trigger > CONVERSION,1
USR_001078,meta_conversion > DROP_OFF,0
USR_001079,meta_conversion > whatsapp_trigger > CONVERSION,1
USR_001080,whatsapp_trigger > CONVERSION,1
USR_001081,meta_awareness > meta_conversion > CONVERSION,1
USR_001082,meta_awareness > DROP_OFF,0
USR_001083,meta_conversion > CONVERSION,1
USR_001084,meta_awareness > meta_conversion > whatsapp_trigger > CONVERSION,1
USR_001085,meta_conversion > CONVERSION,1
USR_001086,whatsapp_trigger > CONVERSION,1
USR_001087,meta_conversion > DROP_OFF,0
USR_001088,meta_awareness > meta_conversion > CONVERSION,1
USR_001089,meta_conversion > CONVERSION,1
USR_001090,meta_conversion > CONVERSION,1
USR_001091,meta_conversion > whatsapp_trigger > CONVERSION,1
USR_001092,meta_conversion > CONVERSION,1
USR_001093,meta_awareness > DROP_OFF,0
USR_001094,meta_conversion > DROP_OFF,0
USR_001095,whatsapp_trigger > DROP_OFF,0
USR_001096,meta_conversion > whatsapp_trigger > meta_awareness > meta_conversion > CONVERSION,1
USR_001097,meta_awareness > meta_conversion > DROP_OFF,0
USR_001098,meta_awareness > DROP_OFF,0
USR_001099,meta_awareness > whatsapp_trigger > CONVERSION,1
USR_001100,meta_conversion > whatsapp_trigger > CONVERSION,1
USR_001101,meta_conversion > whatsapp_trigger > CONVERSION,1
USR_001102,whatsapp_trigger > DROP_OFF,0
USR_001103,meta_conversion > CONVERSION,1
USR_001104,whatsapp_trigger > DROP_OFF,0
USR_001105,meta_awareness > meta_conversion > whatsapp_trigger > CONVERSION,1
USR_001106,meta_awareness > whatsapp_trigger > CONVERSION,1
USR_001107,whatsapp_trigger > DROP_OFF,0
USR_001108,whatsapp_trigger > CONVERSION,1
USR_001109,meta_awareness > meta_conversion > meta_conversion > DROP_OFF,0
USR_001110,meta_conversion > CONVERSION,1
USR_001111,meta_awareness > DROP_OFF,0
USR_001112,meta_conversion > DROP_OFF,0
USR_001113,meta_conversion > whatsapp_trigger > whatsapp_trigger > DROP_OFF,0
USR_001114,meta_conversion > DROP_OFF,0
USR_001115,whatsapp_trigger > DROP_OFF,0
USR_001116,meta_awareness > DROP_OFF,0
USR_001117,meta_awareness > meta_conversion > meta_conversion > DROP_OFF,0
USR_001118,meta_conversion > CONVERSION,1
USR_001119,meta_awareness > meta_conversion > CONVERSION,1
USR_001120,whatsapp_trigger > DROP_OFF,0
USR_001121,meta_awareness > whatsapp_trigger > CONVERSION,1
USR_001122,meta_awareness > meta_conversion > DROP_OFF,0
USR_001123,whatsapp_trigger > DROP_OFF,0
USR_001124,meta_conversion > whatsapp_trigger > CONVERSION,1
USR_001125,whatsapp_trigger > meta_awareness > DROP_OFF,0
USR_001126,meta_awareness > DROP_OFF,0
USR_001127,meta_awareness > DROP_OFF,0
USR_001128,meta_awareness > whatsapp_trigger > CONVERSION,1
USR_001129,meta_awareness > DROP_OFF,0
USR_001130,meta_awareness > DROP_OFF,0
USR_001131,meta_conversion > CONVERSION,1
USR_001132,meta_awareness > whatsapp_trigger > CONVERSION,1
USR_001133,meta_awareness > meta_conversion > DROP_OFF,0
USR_001134,meta_awareness > meta_conversion > CONVERSION,1
USR_001135,meta_conversion > CONVERSION,1
USR_001136,meta_awareness > DROP_OFF,0
USR_001137,meta_awareness > meta_conversion > CONVERSION,1
USR_001138,meta_awareness > DROP_OFF,0
USR_001139,meta_awareness > meta_conversion > whatsapp_trigger > CONVERSION,1
USR_001140,meta_conversion > CONVERSION,1
USR_001141,meta_conversion > CONVERSION,1
USR_001142,meta_conversion > whatsapp_trigger > whatsapp_trigger > CONVERSION,1
USR_001143,meta_conversion > CONVERSION,1
USR_001144,meta_awareness > meta_conversion > DROP_OFF,0
USR_001145,meta_awareness > DROP_OFF,0
USR_001146,meta_awareness > whatsapp_trigger > DROP_OFF,0
USR_001147,meta_awareness > meta_awareness > DROP_OFF,0
USR_001148,meta_awareness > meta_awareness > meta_conversion > CONVERSION,1
USR_001149,meta_conversion > CONVERSION,1
USR_001150,whatsapp_trigger > DROP_OFF,0
USR_001151,meta_awareness > meta_awareness > DROP_OFF,0
USR_001152,meta_awareness > meta_conversion > meta_conversion > meta_conversion > whatsapp_trigger > whatsapp_trigger > CONVERSION,1
USR_001153,meta_conversion > DROP_OFF,0
USR_001154,meta_conversion > whatsapp_trigger > DROP_OFF,0
USR_001155,meta_conversion > CONVERSION,1
USR_001156,meta_awareness > meta_conversion > whatsapp_trigger > CONVERSION,1
USR_001157,meta_awareness > meta_conversion > meta_conversion > whatsapp_trigger > CONVERSION,1
USR_001158,meta_awareness > DROP_OFF,0
USR_001159,meta_awareness > meta_conversion > CONVERSION,1
USR_001160,meta_awareness > DROP_OFF,0
USR_001161,meta_conversion > DROP_OFF,0
USR_001162,meta_conversion > CONVERSION,1
USR_001163,whatsapp_trigger > CONVERSION,1
USR_001164,meta_conversion > DROP_OFF,0
USR_001165,meta_conversion > DROP_OFF,0
USR_001166,meta_conversion > CONVERSION,1
USR_001167,meta_awareness > DROP_OFF,0
USR_001168,meta_awareness > meta_conversion > DROP_OFF,0
USR_001169,meta_conversion > CONVERSION,1
USR_001170,meta_conversion > whatsapp_trigger > DROP_OFF,0
USR_001171,meta_awareness > whatsapp_trigger > CONVERSION,1
USR_001172,meta_conversion > whatsapp_trigger > whatsapp_trigger > CONVERSION,1
USR_001173,meta_awareness > whatsapp_trigger > CONVERSION,1
USR_001174,meta_awareness > meta_conversion > CONVERSION,1
USR_001175,meta_conversion > CONVERSION,1
USR_001176,meta_awareness > DROP_OFF,0
USR_001177,meta_awareness > meta_conversion > meta_conversion > whatsapp_trigger > CONVERSION,1
USR_001178,meta_awareness > meta_conversion > DROP_OFF,0
USR_001179,meta_awareness > meta_conversion > DROP_OFF,0
USR_001180,meta_awareness > whatsapp_trigger > CONVERSION,1
USR_001181,meta_awareness > meta_conversion > CONVERSION,1
USR_001182,meta_awareness > meta_conversion > CONVERSION,1
USR_001183,meta_awareness > meta_conversion > whatsapp_trigger > CONVERSION,1
USR_001184,meta_conversion > whatsapp_trigger > CONVERSION,1
USR_001185,meta_awareness > whatsapp_trigger > DROP_OFF,0
USR_001186,meta_awareness > whatsapp_trigger > CONVERSION,1
USR_001187,meta_awareness > meta_conversion > whatsapp_trigger > DROP_OFF,0
USR_001188,meta_awareness > DROP_OFF,0
USR_001189,whatsapp_trigger > DROP_OFF,0
USR_001190,meta_awareness > whatsapp_trigger > meta_awareness > meta_awareness > meta_conversion > whatsapp_trigger > CONVERSION,1
USR_001191,meta_conversion > whatsapp_trigger > CONVERSION,1
USR_001192,meta_conversion > whatsapp_trigger > CONVERSION,1
USR_001193,meta_awareness > meta_conversion > whatsapp_trigger > DROP_OFF,0
USR_001194,whatsapp_trigger > CONVERSION,1
USR_001195,meta_conversion > whatsapp_trigger > CONVERSION,1
USR_001196,whatsapp_trigger > DROP_OFF,0
USR_001197,meta_awareness > meta_awareness > whatsapp_trigger > CONVERSION,1
USR_001198,meta_conversion > CONVERSION,1
USR_001199,meta_awareness > meta_conversion > CONVERSION,1
USR_001200,meta_awareness > DROP_OFF,0
USR_001201,meta_conversion > meta_conversion > whatsapp_trigger > meta_awareness > meta_awareness > meta_conversion > CONVERSION,1
USR_001202,meta_awareness > meta_awareness > meta_conversion > DROP_OFF,0
USR_001203,meta_conversion > meta_conversion > whatsapp_trigger > CONVERSION,1
USR_001204,meta_awareness > meta_conversion > DROP_OFF,0
USR_001205,meta_awareness > whatsapp_trigger > CONVERSION,1
USR_001206,meta_awareness > DROP_OFF,0
USR_001207,whatsapp_trigger > meta_awareness > meta_conversion > DROP_OFF,0
USR_001208,meta_awareness > meta_conversion > CONVERSION,1
USR_001209,meta_awareness > meta_conversion > CONVERSION,1
USR_001210,meta_awareness > meta_conversion > meta_conversion > meta_conversion > whatsapp_trigger > DROP_OFF,0
USR_001211,whatsapp_trigger > CONVERSION,1
USR_001212,meta_awareness > whatsapp_trigger > CONVERSION,1
USR_001213,meta_awareness > whatsapp_trigger > CONVERSION,1
USR_001214,meta_conversion > meta_conversion > whatsapp_trigger > CONVERSION,1
USR_001215,meta_conversion > CONVERSION,1
USR_001216,meta_awareness > meta_conversion > meta_conversion > meta_conversion > DROP_OFF,0
USR_001217,meta_awareness > whatsapp_trigger > CONVERSION,1
USR_001218,meta_conversion > CONVERSION,1
USR_001219,meta_awareness > meta_awareness > meta_conversion > whatsapp_trigger > DROP_OFF,0
USR_001220,meta_awareness > DROP_OFF,0
USR_001221,meta_awareness > DROP_OFF,0
USR_001222,whatsapp_trigger > CONVERSION,1
USR_001223,meta_awareness > meta_conversion > CONVERSION,1
USR_001224,meta_conversion > CONVERSION,1
USR_001225,meta_conversion > CONVERSION,1
USR_001226,meta_awareness > meta_awareness > meta_conversion > CONVERSION,1
USR_001227,meta_conversion > whatsapp_trigger > whatsapp_trigger > meta_awareness > meta_conversion > CONVERSION,1
USR_001228,meta_awareness > meta_awareness > DROP_OFF,0
USR_001229,meta_awareness > meta_awareness > DROP_OFF,0
USR_001230,meta_awareness > meta_awareness > DROP_OFF,0
USR_001231,meta_awareness > meta_awareness > meta_conversion > CONVERSION,1
USR_001232,meta_conversion > DROP_OFF,0
USR_001233,whatsapp_trigger > CONVERSION,1
USR_001234,meta_awareness > meta_conversion > CONVERSION,1
USR_001235,meta_conversion > CONVERSION,1
USR_001236,meta_awareness > DROP_OFF,0
USR_001237,meta_conversion > DROP_OFF,0
USR_001238,meta_awareness > DROP_OFF,0
USR_001239,meta_conversion > CONVERSION,1
USR_001240,whatsapp_trigger > DROP_OFF,0
USR_001241,meta_awareness > meta_conversion > DROP_OFF,0
USR_001242,meta_conversion > meta_conversion > DROP_OFF,0
USR_001243,meta_awareness > whatsapp_trigger > CONVERSION,1
USR_001244,meta_conversion > DROP_OFF,0
USR_001245,meta_conversion > CONVERSION,1
USR_001246,meta_conversion > DROP_OFF,0
USR_001247,whatsapp_trigger > DROP_OFF,0
USR_001248,meta_conversion > meta_conversion > CONVERSION,1
USR_001249,meta_awareness > whatsapp_trigger > DROP_OFF,0
USR_001250,meta_awareness > meta_conversion > DROP_OFF,0
USR_001251,meta_awareness > meta_conversion > DROP_OFF,0
USR_001252,meta_awareness > meta_awareness > DROP_OFF,0
USR_001253,meta_conversion > CONVERSION,1
USR_001254,meta_awareness > whatsapp_trigger > CONVERSION,1
USR_001255,meta_awareness > meta_awareness > meta_awareness > meta_awareness > DROP_OFF,0
USR_001256,meta_conversion > CONVERSION,1
USR_001257,meta_awareness > meta_conversion > whatsapp_trigger > whatsapp_trigger > whatsapp_trigger > CONVERSION,1
USR_001258,meta_awareness > DROP_OFF,0
USR_001259,meta_conversion > DROP_OFF,0
USR_001260,meta_awareness > meta_conversion > whatsapp_trigger > DROP_OFF,0
USR_001261,meta_awareness > meta_conversion > whatsapp_trigger > CONVERSION,1
USR_001262,meta_awareness > meta_awareness > meta_conversion > meta_conversion > DROP_OFF,0
USR_001263,meta_awareness > meta_awareness > meta_conversion > CONVERSION,1
USR_001264,meta_conversion > CONVERSION,1
USR_001265,meta_awareness > meta_conversion > whatsapp_trigger > meta_awareness > DROP_OFF,0
USR_001266,whatsapp_trigger > DROP_OFF,0
USR_001267,meta_awareness > DROP_OFF,0
USR_001268,meta_awareness > meta_conversion > CONVERSION,1
USR_001269,meta_conversion > DROP_OFF,0
USR_001270,meta_awareness > meta_conversion > whatsapp_trigger > CONVERSION,1
USR_001271,meta_awareness > meta_conversion > whatsapp_trigger > CONVERSION,1
USR_001272,meta_awareness > meta_conversion > whatsapp_trigger > DROP_OFF,0
USR_001273,meta_awareness > whatsapp_trigger > CONVERSION,1
USR_001274,meta_awareness > meta_conversion > whatsapp_trigger > DROP_OFF,0
USR_001275,meta_conversion > whatsapp_trigger > whatsapp_trigger > meta_awareness > DROP_OFF,0
USR_001276,meta_conversion > DROP_OFF,0
USR_001277,meta_awareness > whatsapp_trigger > whatsapp_trigger > meta_awareness > meta_conversion > whatsapp_trigger > CONVERSION,1
USR_001278,meta_conversion > whatsapp_trigger > DROP_OFF,0
USR_001279,meta_awareness > whatsapp_trigger > DROP_OFF,0
USR_001280,whatsapp_trigger > CONVERSION,1
USR_001281,meta_awareness > meta_conversion > DROP_OFF,0
USR_001282,whatsapp_trigger > CONVERSION,1
USR_001283,meta_awareness > whatsapp_trigger > CONVERSION,1
USR_001284,whatsapp_trigger > whatsapp_trigger > DROP_OFF,0
USR_001285,meta_awareness > whatsapp_trigger > whatsapp_trigger > CONVERSION,1
USR_001286,meta_awareness > whatsapp_trigger > CONVERSION,1
USR_001287,meta_conversion > CONVERSION,1
USR_001288,meta_awareness > whatsapp_trigger > DROP_OFF,0
USR_001289,meta_awareness > whatsapp_trigger > CONVERSION,1
USR_001290,meta_conversion > CONVERSION,1
USR_001291,whatsapp_trigger > whatsapp_trigger > CONVERSION,1
USR_001292,meta_awareness > meta_conversion > DROP_OFF,0
USR_001293,meta_awareness > whatsapp_trigger > CONVERSION,1
USR_001294,whatsapp_trigger > CONVERSION,1
USR_001295,meta_awareness > whatsapp_trigger > CONVERSION,1
USR_001296,whatsapp_trigger > whatsapp_trigger > DROP_OFF,0
USR_001297,meta_awareness > meta_conversion > CONVERSION,1
USR_001298,meta_awareness > meta_conversion > whatsapp_trigger > CONVERSION,1
USR_001299,meta_conversion > whatsapp_trigger > DROP_OFF,0
USR_001300,meta_awareness > meta_conversion > meta_conversion > whatsapp_trigger > CONVERSION,1
USR_001301,meta_awareness > DROP_OFF,0
USR_001302,meta_awareness > meta_awareness > meta_conversion > CONVERSION,1
USR_001303,meta_awareness > meta_conversion > whatsapp_trigger > meta_awareness > whatsapp_trigger > meta_awareness > DROP_OFF,0
USR_001304,meta_awareness > DROP_OFF,0
USR_001305,meta_awareness > whatsapp_trigger > CONVERSION,1
USR_001306,meta_conversion > DROP_OFF,0
USR_001307,meta_conversion > whatsapp_trigger > CONVERSION,1
USR_001308,meta_awareness > meta_conversion > CONVERSION,1
USR_001309,meta_conversion > whatsapp_trigger > DROP_OFF,0
USR_001310,meta_awareness > DROP_OFF,0
USR_001311,meta_awareness > meta_conversion > whatsapp_trigger > whatsapp_trigger > meta_awareness > DROP_OFF,0
USR_001312,meta_conversion > whatsapp_trigger > CONVERSION,1
USR_001313,meta_awareness > DROP_OFF,0
USR_001314,meta_awareness > meta_conversion > whatsapp_trigger > DROP_OFF,0
USR_001315,meta_awareness > DROP_OFF,0
USR_001316,meta_awareness > DROP_OFF,0
USR_001317,meta_awareness > DROP_OFF,0
USR_001318,meta_conversion > DROP_OFF,0
USR_001319,meta_awareness > meta_conversion > CONVERSION,1
USR_001320,meta_awareness > DROP_OFF,0
USR_001321,meta_awareness > DROP_OFF,0
USR_001322,meta_conversion > whatsapp_trigger > whatsapp_trigger > whatsapp_trigger > whatsapp_trigger > DROP_OFF,0
USR_001323,meta_awareness > whatsapp_trigger > CONVERSION,1
USR_001324,meta_awareness > whatsapp_trigger > meta_awareness > meta_conversion > whatsapp_trigger > CONVERSION,1
USR_001325,whatsapp_trigger > DROP_OFF,0
USR_001326,meta_awareness > DROP_OFF,0
USR_001327,meta_conversion > whatsapp_trigger > CONVERSION,1
USR_001328,meta_awareness > DROP_OFF,0
USR_001329,whatsapp_trigger > meta_awareness > meta_awareness > whatsapp_trigger > whatsapp_trigger > CONVERSION,1
USR_001330,meta_awareness > meta_conversion > DROP_OFF,0
USR_001331,meta_awareness > DROP_OFF,0
USR_001332,meta_awareness > DROP_OFF,0
USR_001333,whatsapp_trigger > DROP_OFF,0
USR_001334,meta_conversion > CONVERSION,1
USR_001335,meta_conversion > whatsapp_trigger > CONVERSION,1
USR_001336,meta_conversion > DROP_OFF,0
USR_001337,meta_conversion > meta_conversion > whatsapp_trigger > CONVERSION,1
USR_001338,whatsapp_trigger > CONVERSION,1
USR_001339,whatsapp_trigger > CONVERSION,1
USR_001340,meta_awareness > meta_awareness > meta_conversion > meta_conversion > DROP_OFF,0
USR_001341,meta_awareness > meta_conversion > meta_conversion > whatsapp_trigger > whatsapp_trigger > CONVERSION,1
USR_001342,meta_awareness > DROP_OFF,0
USR_001343,meta_conversion > CONVERSION,1
USR_001344,meta_awareness > meta_awareness > meta_awareness > meta_conversion > whatsapp_trigger > DROP_OFF,0
USR_001345,meta_awareness > meta_conversion > whatsapp_trigger > CONVERSION,1
USR_001346,meta_conversion > DROP_OFF,0
USR_001347,meta_awareness > meta_conversion > CONVERSION,1
USR_001348,meta_conversion > DROP_OFF,0
USR_001349,meta_conversion > whatsapp_trigger > CONVERSION,1
USR_001350,meta_awareness > whatsapp_trigger > meta_awareness > meta_awareness > meta_awareness > meta_conversion > CONVERSION,1
USR_001351,meta_awareness > meta_conversion > whatsapp_trigger > meta_awareness > meta_conversion > DROP_OFF,0
USR_001352,meta_awareness > meta_conversion > CONVERSION,1
USR_001353,meta_awareness > meta_conversion > CONVERSION,1
USR_001354,meta_awareness > meta_awareness > meta_conversion > DROP_OFF,0
USR_001355,meta_conversion > meta_conversion > meta_conversion > CONVERSION,1
USR_001356,meta_awareness > DROP_OFF,0
USR_001357,meta_awareness > whatsapp_trigger > meta_awareness > meta_conversion > CONVERSION,1
USR_001358,meta_awareness > meta_conversion > whatsapp_trigger > whatsapp_trigger > CONVERSION,1
USR_001359,meta_conversion > whatsapp_trigger > meta_awareness > meta_awareness > meta_conversion > CONVERSION,1
USR_001360,meta_awareness > meta_conversion > CONVERSION,1
USR_001361,meta_conversion > CONVERSION,1
USR_001362,meta_conversion > whatsapp_trigger > DROP_OFF,0
USR_001363,meta_awareness > meta_conversion > DROP_OFF,0
USR_001364,meta_awareness > meta_conversion > whatsapp_trigger > CONVERSION,1
USR_001365,meta_awareness > meta_awareness > DROP_OFF,0
USR_001366,meta_awareness > whatsapp_trigger > DROP_OFF,0
USR_001367,meta_awareness > meta_conversion > meta_conversion > CONVERSION,1
USR_001368,meta_awareness > whatsapp_trigger > CONVERSION,1
USR_001369,meta_awareness > meta_conversion > whatsapp_trigger > CONVERSION,1
USR_001370,meta_awareness > meta_awareness > DROP_OFF,0
USR_001371,meta_conversion > CONVERSION,1
USR_001372,meta_awareness > meta_conversion > whatsapp_trigger > CONVERSION,1
USR_001373,meta_awareness > meta_awareness > meta_awareness > meta_conversion > whatsapp_trigger > CONVERSION,1
USR_001374,meta_conversion > whatsapp_trigger > CONVERSION,1
USR_001375,meta_conversion > CONVERSION,1
USR_001376,meta_awareness > whatsapp_trigger > whatsapp_trigger > CONVERSION,1
USR_001377,meta_awareness > meta_conversion > CONVERSION,1
USR_001378,meta_awareness > meta_conversion > whatsapp_trigger > CONVERSION,1
USR_001379,meta_awareness > whatsapp_trigger > meta_awareness > DROP_OFF,0
USR_001380,meta_awareness > meta_conversion > meta_conversion > DROP_OFF,0
USR_001381,meta_conversion > DROP_OFF,0
USR_001382,meta_awareness > meta_conversion > DROP_OFF,0
USR_001383,meta_awareness > DROP_OFF,0
USR_001384,meta_awareness > DROP_OFF,0
USR_001385,meta_awareness > meta_conversion > whatsapp_trigger > CONVERSION,1
USR_001386,meta_awareness > meta_conversion > DROP_OFF,0
USR_001387,meta_awareness > meta_conversion > whatsapp_trigger > DROP_OFF,0
USR_001388,meta_awareness > DROP_OFF,0
USR_001389,whatsapp_trigger > CONVERSION,1
USR_001390,whatsapp_trigger > whatsapp_trigger > CONVERSION,1
USR_001391,meta_awareness > whatsapp_trigger > CONVERSION,1
USR_001392,meta_awareness > meta_conversion > DROP_OFF,0
USR_001393,meta_awareness > whatsapp_trigger > DROP_OFF,0
USR_001394,meta_awareness > meta_conversion > meta_conversion > DROP_OFF,0
USR_001395,meta_awareness > meta_conversion > whatsapp_trigger > CONVERSION,1
USR_001396,meta_conversion > DROP_OFF,0
USR_001397,meta_conversion > whatsapp_trigger > CONVERSION,1
USR_001398,meta_awareness > whatsapp_trigger > CONVERSION,1
USR_001399,meta_awareness > meta_conversion > whatsapp_trigger > whatsapp_trigger > meta_awareness > whatsapp_trigger > DROP_OFF,0
USR_001400,meta_awareness > meta_conversion > DROP_OFF,0
USR_001401,meta_awareness > meta_conversion > CONVERSION,1
USR_001402,meta_awareness > meta_conversion > CONVERSION,1
USR_001403,meta_awareness > meta_conversion > CONVERSION,1
USR_001404,meta_conversion > whatsapp_trigger > DROP_OFF,0
USR_001405,meta_conversion > DROP_OFF,0
USR_001406,meta_conversion > CONVERSION,1
USR_001407,meta_awareness > meta_conversion > CONVERSION,1
USR_001408,meta_awareness > meta_conversion > DROP_OFF,0
USR_001409,meta_awareness > meta_conversion > CONVERSION,1
USR_001410,meta_awareness > meta_conversion > whatsapp_trigger > DROP_OFF,0
USR_001411,meta_awareness > whatsapp_trigger > CONVERSION,1
USR_001412,meta_awareness > meta_conversion > CONVERSION,1
USR_001413,meta_awareness > DROP_OFF,0
USR_001414,meta_awareness > whatsapp_trigger > whatsapp_trigger > CONVERSION,1
USR_001415,meta_conversion > CONVERSION,1
USR_001416,meta_awareness > meta_conversion > CONVERSION,1
USR_001417,meta_conversion > CONVERSION,1
USR_001418,meta_awareness > DROP_OFF,0
USR_001419,meta_awareness > DROP_OFF,0
USR_001420,meta_conversion > DROP_OFF,0
USR_001421,meta_awareness > meta_conversion > CONVERSION,1
USR_001422,meta_conversion > meta_conversion > meta_conversion > DROP_OFF,0
USR_001423,meta_conversion > whatsapp_trigger > meta_awareness > whatsapp_trigger > DROP_OFF,0
USR_001424,meta_conversion > whatsapp_trigger > whatsapp_trigger > CONVERSION,1
USR_001425,meta_conversion > whatsapp_trigger > CONVERSION,1
USR_001426,meta_conversion > CONVERSION,1
USR_001427,meta_awareness > whatsapp_trigger > CONVERSION,1
USR_001428,meta_awareness > meta_awareness > meta_conversion > DROP_OFF,0
USR_001429,meta_conversion > DROP_OFF,0
USR_001430,meta_conversion > whatsapp_trigger > CONVERSION,1
USR_001431,meta_awareness > DROP_OFF,0
USR_001432,meta_awareness > meta_conversion > CONVERSION,1
USR_001433,meta_conversion > meta_conversion > DROP_OFF,0
USR_001434,meta_awareness > meta_conversion > DROP_OFF,0
USR_001435,meta_awareness > meta_conversion > CONVERSION,1
USR_001436,meta_awareness > meta_conversion > meta_conversion > CONVERSION,1
USR_001437,meta_awareness > meta_conversion > CONVERSION,1
USR_001438,whatsapp_trigger > meta_awareness > meta_conversion > CONVERSION,1
USR_001439,meta_awareness > DROP_OFF,0
USR_001440,meta_awareness > DROP_OFF,0
USR_001441,meta_awareness > whatsapp_trigger > CONVERSION,1
USR_001442,meta_awareness > whatsapp_trigger > CONVERSION,1
USR_001443,meta_awareness > meta_conversion > CONVERSION,1
USR_001444,meta_awareness > meta_conversion > DROP_OFF,0
USR_001445,meta_awareness > meta_awareness > whatsapp_trigger > CONVERSION,1
USR_001446,meta_awareness > whatsapp_trigger > CONVERSION,1
USR_001447,meta_awareness > whatsapp_trigger > meta_awareness > meta_conversion > CONVERSION,1
USR_001448,meta_conversion > whatsapp_trigger > DROP_OFF,0
USR_001449,meta_awareness > meta_conversion > whatsapp_trigger > CONVERSION,1
USR_001450,meta_conversion > DROP_OFF,0
USR_001451,meta_conversion > CONVERSION,1
USR_001452,meta_conversion > whatsapp_trigger > CONVERSION,1
USR_001453,meta_awareness > meta_conversion > whatsapp_trigger > DROP_OFF,0
USR_001454,meta_awareness > whatsapp_trigger > CONVERSION,1
USR_001455,meta_conversion > DROP_OFF,0
USR_001456,meta_awareness > meta_conversion > CONVERSION,1
USR_001457,meta_awareness > meta_conversion > DROP_OFF,0
USR_001458,meta_conversion > CONVERSION,1
USR_001459,whatsapp_trigger > CONVERSION,1
USR_001460,meta_conversion > CONVERSION,1
USR_001461,meta_conversion > whatsapp_trigger > CONVERSION,1
USR_001462,meta_awareness > meta_conversion > whatsapp_trigger > CONVERSION,1
USR_001463,meta_awareness > meta_conversion > DROP_OFF,0
USR_001464,whatsapp_trigger > CONVERSION,1
USR_001465,meta_awareness > meta_conversion > CONVERSION,1
USR_001466,meta_awareness > meta_awareness > DROP_OFF,0
USR_001467,meta_conversion > DROP_OFF,0
USR_001468,meta_awareness > meta_awareness > DROP_OFF,0
USR_001469,meta_conversion > meta_conversion > CONVERSION,1
USR_001470,meta_conversion > CONVERSION,1
USR_001471,meta_conversion > CONVERSION,1
USR_001472,meta_awareness > meta_conversion > DROP_OFF,0
USR_001473,meta_awareness > meta_awareness > meta_conversion > CONVERSION,1
USR_001474,meta_awareness > meta_conversion > DROP_OFF,0
USR_001475,meta_conversion > DROP_OFF,0
USR_001476,meta_awareness > whatsapp_trigger > DROP_OFF,0
USR_001477,meta_awareness > DROP_OFF,0
USR_001478,meta_conversion > CONVERSION,1
USR_001479,meta_awareness > meta_conversion > meta_conversion > DROP_OFF,0
USR_001480,meta_conversion > whatsapp_trigger > DROP_OFF,0
USR_001481,meta_conversion > CONVERSION,1
USR_001482,meta_awareness > DROP_OFF,0
USR_001483,meta_awareness > whatsapp_trigger > DROP_OFF,0
USR_001484,meta_awareness > meta_awareness > meta_awareness > meta_conversion > CONVERSION,1
USR_001485,meta_awareness > meta_conversion > CONVERSION,1
USR_001486,meta_awareness > meta_conversion > DROP_OFF,0
USR_001487,meta_awareness > whatsapp_trigger > CONVERSION,1
USR_001488,meta_awareness > meta_conversion > CONVERSION,1
USR_001489,meta_awareness > whatsapp_trigger > CONVERSION,1
USR_001490,meta_conversion > meta_conversion > DROP_OFF,0
USR_001491,meta_awareness > DROP_OFF,0
USR_001492,meta_conversion > CONVERSION,1
USR_001493,meta_conversion > DROP_OFF,0
USR_001494,meta_conversion > whatsapp_trigger > whatsapp_trigger > CONVERSION,1
USR_001495,meta_awareness > whatsapp_trigger > CONVERSION,1
USR_001496,meta_awareness > whatsapp_trigger > CONVERSION,1
USR_001497,meta_awareness > DROP_OFF,0
USR_001498,meta_awareness > whatsapp_trigger > CONVERSION,1
USR_001499,meta_conversion > DROP_OFF,0
USR_001500,meta_awareness > whatsapp_trigger > CONVERSION,1
USR_001501,meta_awareness > whatsapp_trigger > CONVERSION,1
USR_001502,meta_conversion > CONVERSION,1
USR_001503,meta_awareness > meta_conversion > CONVERSION,1
USR_001504,meta_awareness > whatsapp_trigger > CONVERSION,1
USR_001505,meta_awareness > whatsapp_trigger > DROP_OFF,0
USR_001506,meta_awareness > meta_conversion > whatsapp_trigger > CONVERSION,1
USR_001507,meta_awareness > DROP_OFF,0
USR_001508,meta_awareness > meta_conversion > CONVERSION,1
USR_001509,meta_conversion > CONVERSION,1
USR_001510,meta_awareness > meta_conversion > DROP_OFF,0
USR_001511,meta_conversion > meta_conversion > DROP_OFF,0
USR_001512,meta_awareness > DROP_OFF,0
USR_001513,meta_conversion > meta_conversion > whatsapp_trigger > meta_awareness > whatsapp_trigger > DROP_OFF,0
USR_001514,meta_awareness > meta_conversion > CONVERSION,1
USR_001515,meta_conversion > DROP_OFF,0
USR_001516,whatsapp_trigger > meta_awareness > DROP_OFF,0
USR_001517,meta_awareness > meta_conversion > CONVERSION,1
USR_001518,meta_awareness > whatsapp_trigger > CONVERSION,1
USR_001519,meta_conversion > whatsapp_trigger > CONVERSION,1
USR_001520,meta_conversion > DROP_OFF,0
USR_001521,whatsapp_trigger > CONVERSION,1
USR_001522,meta_awareness > meta_conversion > CONVERSION,1
USR_001523,meta_awareness > DROP_OFF,0
USR_001524,whatsapp_trigger > CONVERSION,1
USR_001525,meta_awareness > DROP_OFF,0
USR_001526,meta_awareness > DROP_OFF,0
USR_001527,meta_awareness > DROP_OFF,0
USR_001528,meta_conversion > whatsapp_trigger > meta_awareness > DROP_OFF,0
USR_001529,meta_conversion > CONVERSION,1
USR_001530,whatsapp_trigger > CONVERSION,1
USR_001531,meta_awareness > meta_conversion > CONVERSION,1
USR_001532,meta_awareness > meta_conversion > CONVERSION,1
USR_001533,whatsapp_trigger > CONVERSION,1
USR_001534,meta_conversion > CONVERSION,1
USR_001535,meta_awareness > meta_awareness > whatsapp_trigger > DROP_OFF,0
USR_001536,meta_conversion > whatsapp_trigger > DROP_OFF,0
USR_001537,whatsapp_trigger > DROP_OFF,0
USR_001538,whatsapp_trigger > DROP_OFF,0
USR_001539,meta_conversion > meta_conversion > CONVERSION,1
USR_001540,meta_conversion > whatsapp_trigger > CONVERSION,1
USR_001541,meta_conversion > DROP_OFF,0
USR_001542,meta_awareness > meta_conversion > CONVERSION,1
USR_001543,meta_awareness > meta_awareness > meta_conversion > whatsapp_trigger > whatsapp_trigger > CONVERSION,1
USR_001544,meta_conversion > DROP_OFF,0
USR_001545,meta_conversion > meta_conversion > CONVERSION,1
USR_001546,meta_conversion > DROP_OFF,0
USR_001547,meta_awareness > meta_awareness > meta_conversion > whatsapp_trigger > CONVERSION,1
USR_001548,meta_awareness > whatsapp_trigger > CONVERSION,1
USR_001549,meta_awareness > DROP_OFF,0
USR_001550,meta_awareness > meta_conversion > DROP_OFF,0
USR_001551,meta_awareness > meta_conversion > CONVERSION,1
USR_001552,meta_conversion > DROP_OFF,0
USR_001553,meta_awareness > meta_awareness > meta_awareness > meta_conversion > meta_conversion > meta_conversion > meta_conversion > meta_conversion > whatsapp_trigger > CONVERSION,1
USR_001554,whatsapp_trigger > CONVERSION,1
USR_001555,meta_awareness > meta_awareness > whatsapp_trigger > CONVERSION,1
USR_001556,whatsapp_trigger > DROP_OFF,0
USR_001557,meta_awareness > whatsapp_trigger > DROP_OFF,0
USR_001558,meta_awareness > whatsapp_trigger > CONVERSION,1
USR_001559,meta_awareness > DROP_OFF,0
USR_001560,meta_awareness > meta_conversion > DROP_OFF,0
USR_001561,meta_conversion > whatsapp_trigger > whatsapp_trigger > meta_awareness > meta_conversion > CONVERSION,1
USR_001562,whatsapp_trigger > CONVERSION,1
USR_001563,meta_awareness > meta_conversion > whatsapp_trigger > whatsapp_trigger > CONVERSION,1
USR_001564,meta_conversion > whatsapp_trigger > CONVERSION,1
USR_001565,meta_awareness > DROP_OFF,0
USR_001566,whatsapp_trigger > DROP_OFF,0
USR_001567,meta_conversion > CONVERSION,1
USR_001568,meta_awareness > DROP_OFF,0
USR_001569,meta_awareness > meta_conversion > whatsapp_trigger > DROP_OFF,0
USR_001570,meta_awareness > meta_conversion > CONVERSION,1
USR_001571,meta_awareness > meta_awareness > meta_awareness > meta_conversion > CONVERSION,1
USR_001572,meta_awareness > whatsapp_trigger > CONVERSION,1
USR_001573,meta_conversion > CONVERSION,1
USR_001574,meta_awareness > whatsapp_trigger > CONVERSION,1
USR_001575,meta_awareness > meta_conversion > whatsapp_trigger > CONVERSION,1
USR_001576,meta_awareness > meta_conversion > whatsapp_trigger > CONVERSION,1
USR_001577,meta_conversion > meta_conversion > CONVERSION,1
USR_001578,meta_awareness > meta_awareness > meta_awareness > whatsapp_trigger > meta_awareness > meta_awareness > meta_conversion > whatsapp_trigger > CONVERSION,1
USR_001579,meta_awareness > whatsapp_trigger > CONVERSION,1
USR_001580,meta_conversion > meta_conversion > DROP_OFF,0
USR_001581,meta_awareness > meta_conversion > CONVERSION,1
USR_001582,meta_awareness > whatsapp_trigger > meta_awareness > meta_conversion > CONVERSION,1
USR_001583,meta_awareness > meta_conversion > CONVERSION,1
USR_001584,meta_awareness > DROP_OFF,0
USR_001585,meta_awareness > meta_conversion > DROP_OFF,0
USR_001586,meta_awareness > DROP_OFF,0
USR_001587,meta_awareness > meta_conversion > DROP_OFF,0
USR_001588,meta_conversion > DROP_OFF,0
USR_001589,whatsapp_trigger > whatsapp_trigger > CONVERSION,1
USR_001590,meta_awareness > whatsapp_trigger > DROP_OFF,0
USR_001591,meta_awareness > meta_conversion > CONVERSION,1
USR_001592,meta_awareness > DROP_OFF,0
USR_001593,meta_awareness > meta_conversion > CONVERSION,1
USR_001594,meta_conversion > whatsapp_trigger > DROP_OFF,0
USR_001595,meta_awareness > meta_conversion > CONVERSION,1
USR_001596,meta_conversion > whatsapp_trigger > DROP_OFF,0
USR_001597,meta_awareness > whatsapp_trigger > CONVERSION,1
USR_001598,meta_conversion > CONVERSION,1
USR_001599,meta_awareness > meta_conversion > meta_conversion > whatsapp_trigger > CONVERSION,1
USR_001600,meta_awareness > DROP_OFF,0
USR_001601,meta_awareness > whatsapp_trigger > DROP_OFF,0
USR_001602,meta_awareness > DROP_OFF,0
USR_001603,meta_awareness > meta_conversion > CONVERSION,1
USR_001604,whatsapp_trigger > DROP_OFF,0
USR_001605,meta_awareness > meta_awareness > whatsapp_trigger > DROP_OFF,0
USR_001606,meta_awareness > whatsapp_trigger > CONVERSION,1
USR_001607,meta_conversion > whatsapp_trigger > DROP_OFF,0
USR_001608,meta_awareness > meta_conversion > whatsapp_trigger > CONVERSION,1
USR_001609,whatsapp_trigger > CONVERSION,1
USR_001610,meta_awareness > DROP_OFF,0
USR_001611,whatsapp_trigger > CONVERSION,1
USR_001612,meta_awareness > meta_conversion > CONVERSION,1
USR_001613,meta_awareness > meta_conversion > whatsapp_trigger > CONVERSION,1
USR_001614,meta_awareness > meta_conversion > DROP_OFF,0
USR_001615,meta_conversion > CONVERSION,1
USR_001616,meta_awareness > DROP_OFF,0
USR_001617,meta_awareness > meta_awareness > whatsapp_trigger > meta_awareness > meta_awareness > meta_conversion > meta_conversion > meta_conversion > whatsapp_trigger > CONVERSION,1
USR_001618,meta_conversion > CONVERSION,1
USR_001619,meta_conversion > DROP_OFF,0
USR_001620,meta_conversion > whatsapp_trigger > CONVERSION,1
USR_001621,meta_awareness > whatsapp_trigger > CONVERSION,1
USR_001622,meta_awareness > whatsapp_trigger > CONVERSION,1
USR_001623,meta_awareness > meta_conversion > whatsapp_trigger > CONVERSION,1
USR_001624,meta_awareness > meta_conversion > DROP_OFF,0
USR_001625,meta_conversion > CONVERSION,1
USR_001626,whatsapp_trigger > whatsapp_trigger > CONVERSION,1
USR_001627,meta_conversion > DROP_OFF,0
USR_001628,meta_conversion > meta_conversion > meta_conversion > whatsapp_trigger > CONVERSION,1
USR_001629,whatsapp_trigger > CONVERSION,1
USR_001630,meta_awareness > DROP_OFF,0
USR_001631,meta_conversion > DROP_OFF,0
USR_001632,meta_awareness > meta_conversion > meta_conversion > whatsapp_trigger > CONVERSION,1
USR_001633,meta_conversion > whatsapp_trigger > DROP_OFF,0
USR_001634,meta_awareness > meta_conversion > DROP_OFF,0
USR_001635,meta_conversion > whatsapp_trigger > CONVERSION,1
USR_001636,meta_conversion > CONVERSION,1
USR_001637,meta_awareness > meta_conversion > whatsapp_trigger > CONVERSION,1
USR_001638,meta_conversion > CONVERSION,1
USR_001639,meta_awareness > whatsapp_trigger > CONVERSION,1
USR_001640,meta_awareness > meta_conversion > meta_conversion > meta_conversion > CONVERSION,1
USR_001641,meta_awareness > meta_conversion > whatsapp_trigger > CONVERSION,1
USR_001642,meta_awareness > meta_conversion > whatsapp_trigger > CONVERSION,1
USR_001643,meta_awareness > meta_conversion > whatsapp_trigger > CONVERSION,1
USR_001644,meta_awareness > DROP_OFF,0
USR_001645,meta_conversion > whatsapp_trigger > CONVERSION,1
USR_001646,meta_conversion > meta_conversion > CONVERSION,1
USR_001647,meta_conversion > whatsapp_trigger > CONVERSION,1
USR_001648,whatsapp_trigger > CONVERSION,1
USR_001649,meta_conversion > DROP_OFF,0
USR_001650,meta_conversion > CONVERSION,1
USR_001651,meta_awareness > whatsapp_trigger > DROP_OFF,0
USR_001652,meta_awareness > DROP_OFF,0
USR_001653,whatsapp_trigger > CONVERSION,1
USR_001654,meta_awareness > whatsapp_trigger > CONVERSION,1
USR_001655,meta_awareness > meta_conversion > DROP_OFF,0
USR_001656,meta_awareness > whatsapp_trigger > CONVERSION,1
USR_001657,meta_awareness > meta_conversion > CONVERSION,1
USR_001658,meta_awareness > whatsapp_trigger > DROP_OFF,0
USR_001659,meta_conversion > whatsapp_trigger > whatsapp_trigger > DROP_OFF,0
USR_001660,meta_awareness > meta_conversion > CONVERSION,1
USR_001661,meta_awareness > meta_conversion > DROP_OFF,0
USR_001662,meta_conversion > DROP_OFF,0
USR_001663,meta_awareness > meta_conversion > meta_conversion > CONVERSION,1
USR_001664,meta_conversion > whatsapp_trigger > meta_awareness > meta_conversion > CONVERSION,1
USR_001665,meta_awareness > meta_conversion > CONVERSION,1
USR_001666,whatsapp_trigger > CONVERSION,1
USR_001667,meta_conversion > CONVERSION,1
USR_001668,meta_awareness > meta_conversion > CONVERSION,1
USR_001669,whatsapp_trigger > whatsapp_trigger > meta_awareness > meta_conversion > whatsapp_trigger > DROP_OFF,0
USR_001670,meta_awareness > meta_conversion > DROP_OFF,0
USR_001671,meta_conversion > whatsapp_trigger > CONVERSION,1
USR_001672,meta_awareness > meta_awareness > DROP_OFF,0
USR_001673,meta_conversion > CONVERSION,1
USR_001674,meta_awareness > DROP_OFF,0
USR_001675,meta_awareness > meta_conversion > DROP_OFF,0
USR_001676,meta_conversion > DROP_OFF,0
USR_001677,meta_awareness > whatsapp_trigger > CONVERSION,1
USR_001678,meta_awareness > meta_conversion > whatsapp_trigger > CONVERSION,1
USR_001679,meta_awareness > meta_awareness > meta_conversion > CONVERSION,1
USR_001680,meta_awareness > meta_conversion > DROP_OFF,0
USR_001681,meta_awareness > whatsapp_trigger > CONVERSION,1
USR_001682,meta_awareness > meta_awareness > meta_conversion > whatsapp_trigger > CONVERSION,1
USR_001683,whatsapp_trigger > CONVERSION,1
USR_001684,meta_conversion > DROP_OFF,0
USR_001685,meta_conversion > CONVERSION,1
USR_001686,meta_conversion > whatsapp_trigger > DROP_OFF,0
USR_001687,meta_awareness > DROP_OFF,0
USR_001688,meta_awareness > meta_awareness > meta_conversion > whatsapp_trigger > CONVERSION,1
USR_001689,meta_conversion > DROP_OFF,0
USR_001690,meta_awareness > meta_conversion > whatsapp_trigger > meta_awareness > DROP_OFF,0
USR_001691,meta_awareness > DROP_OFF,0
USR_001692,meta_awareness > meta_conversion > meta_conversion > meta_conversion > whatsapp_trigger > CONVERSION,1
USR_001693,meta_conversion > CONVERSION,1
USR_001694,meta_conversion > DROP_OFF,0
USR_001695,meta_awareness > whatsapp_trigger > CONVERSION,1
USR_001696,meta_awareness > whatsapp_trigger > CONVERSION,1
USR_001697,meta_conversion > whatsapp_trigger > whatsapp_trigger > DROP_OFF,0
USR_001698,meta_conversion > CONVERSION,1
USR_001699,meta_awareness > meta_awareness > meta_conversion > whatsapp_trigger > CONVERSION,1
USR_001700,meta_awareness > DROP_OFF,0
USR_001701,meta_awareness > meta_conversion > whatsapp_trigger > DROP_OFF,0
USR_001702,meta_awareness > meta_conversion > whatsapp_trigger > whatsapp_trigger > whatsapp_trigger > CONVERSION,1
USR_001703,meta_awareness > DROP_OFF,0
USR_001704,meta_awareness > meta_conversion > CONVERSION,1
USR_001705,meta_awareness > DROP_OFF,0
USR_001706,meta_conversion > DROP_OFF,0
USR_001707,meta_conversion > CONVERSION,1
USR_001708,meta_awareness > DROP_OFF,0
USR_001709,meta_conversion > whatsapp_trigger > CONVERSION,1
USR_001710,meta_conversion > CONVERSION,1
USR_001711,meta_awareness > meta_conversion > DROP_OFF,0
USR_001712,meta_awareness > DROP_OFF,0
USR_001713,meta_awareness > whatsapp_trigger > DROP_OFF,0
USR_001714,meta_awareness > meta_conversion > meta_conversion > DROP_OFF,0
USR_001715,meta_awareness > meta_conversion > DROP_OFF,0
USR_001716,meta_awareness > DROP_OFF,0
USR_001717,meta_awareness > meta_conversion > DROP_OFF,0
USR_001718,meta_conversion > whatsapp_trigger > DROP_OFF,0
USR_001719,meta_conversion > whatsapp_trigger > CONVERSION,1
USR_001720,meta_conversion > whatsapp_trigger > CONVERSION,1
USR_001721,meta_awareness > DROP_OFF,0
USR_001722,meta_awareness > whatsapp_trigger > CONVERSION,1
USR_001723,meta_conversion > CONVERSION,1
USR_001724,meta_awareness > meta_conversion > whatsapp_trigger > CONVERSION,1
USR_001725,whatsapp_trigger > whatsapp_trigger > CONVERSION,1
USR_001726,meta_conversion > DROP_OFF,0
USR_001727,meta_conversion > whatsapp_trigger > CONVERSION,1
USR_001728,meta_awareness > meta_conversion > meta_conversion > DROP_OFF,0
USR_001729,meta_awareness > meta_conversion > CONVERSION,1
USR_001730,meta_awareness > meta_conversion > CONVERSION,1
USR_001731,meta_awareness > meta_conversion > meta_conversion > CONVERSION,1
USR_001732,meta_awareness > DROP_OFF,0
USR_001733,meta_conversion > CONVERSION,1
USR_001734,whatsapp_trigger > CONVERSION,1
USR_001735,meta_awareness > whatsapp_trigger > whatsapp_trigger > whatsapp_trigger > CONVERSION,1
USR_001736,meta_conversion > CONVERSION,1
USR_001737,meta_awareness > meta_awareness > meta_conversion > CONVERSION,1
USR_001738,meta_awareness > meta_conversion > CONVERSION,1
USR_001739,meta_conversion > CONVERSION,1
USR_001740,meta_awareness > whatsapp_trigger > CONVERSION,1
USR_001741,meta_awareness > meta_conversion > CONVERSION,1
USR_001742,meta_conversion > DROP_OFF,0
USR_001743,meta_conversion > DROP_OFF,0
USR_001744,meta_awareness > DROP_OFF,0
USR_001745,meta_conversion > DROP_OFF,0
USR_001746,whatsapp_trigger > CONVERSION,1
USR_001747,meta_awareness > meta_conversion > CONVERSION,1
USR_001748,meta_awareness > whatsapp_trigger > CONVERSION,1
USR_001749,meta_awareness > meta_conversion > DROP_OFF,0
USR_001750,meta_awareness > meta_conversion > CONVERSION,1
USR_001751,meta_awareness > meta_conversion > whatsapp_trigger > CONVERSION,1
USR_001752,meta_awareness > whatsapp_trigger > CONVERSION,1
USR_001753,whatsapp_trigger > meta_awareness > DROP_OFF,0
USR_001754,meta_awareness > DROP_OFF,0
USR_001755,meta_awareness > DROP_OFF,0
USR_001756,meta_awareness > DROP_OFF,0
USR_001757,meta_awareness > DROP_OFF,0
USR_001758,meta_awareness > meta_conversion > CONVERSION,1
USR_001759,meta_awareness > meta_awareness > meta_conversion > DROP_OFF,0
USR_001760,whatsapp_trigger > CONVERSION,1
USR_001761,meta_awareness > meta_conversion > CONVERSION,1
USR_001762,meta_conversion > whatsapp_trigger > CONVERSION,1
USR_001763,meta_awareness > DROP_OFF,0
USR_001764,meta_conversion > meta_conversion > whatsapp_trigger > DROP_OFF,0
USR_001765,meta_awareness > meta_conversion > whatsapp_trigger > CONVERSION,1
USR_001766,meta_awareness > meta_conversion > CONVERSION,1
USR_001767,meta_awareness > meta_conversion > whatsapp_trigger > CONVERSION,1
USR_001768,meta_awareness > whatsapp_trigger > CONVERSION,1
USR_001769,meta_awareness > meta_conversion > CONVERSION,1
USR_001770,meta_awareness > DROP_OFF,0
USR_001771,whatsapp_trigger > CONVERSION,1
USR_001772,meta_conversion > DROP_OFF,0
USR_001773,meta_awareness > meta_conversion > CONVERSION,1
USR_001774,meta_conversion > whatsapp_trigger > whatsapp_trigger > meta_awareness > DROP_OFF,0
USR_001775,meta_awareness > meta_conversion > CONVERSION,1
USR_001776,meta_conversion > whatsapp_trigger > DROP_OFF,0
USR_001777,meta_conversion > whatsapp_trigger > CONVERSION,1
USR_001778,meta_awareness > meta_conversion > CONVERSION,1
USR_001779,meta_awareness > meta_conversion > CONVERSION,1
USR_001780,meta_awareness > meta_conversion > CONVERSION,1
USR_001781,whatsapp_trigger > CONVERSION,1
USR_001782,meta_awareness > meta_awareness > whatsapp_trigger > CONVERSION,1
USR_001783,meta_conversion > CONVERSION,1
USR_001784,whatsapp_trigger > CONVERSION,1
USR_001785,meta_awareness > meta_awareness > whatsapp_trigger > CONVERSION,1
USR_001786,meta_awareness > meta_awareness > DROP_OFF,0
USR_001787,meta_awareness > meta_conversion > whatsapp_trigger > CONVERSION,1
USR_001788,meta_awareness > whatsapp_trigger > CONVERSION,1
USR_001789,meta_conversion > meta_conversion > whatsapp_trigger > whatsapp_trigger > DROP_OFF,0
USR_001790,meta_conversion > CONVERSION,1
USR_001791,meta_awareness > meta_conversion > DROP_OFF,0
USR_001792,meta_awareness > meta_conversion > whatsapp_trigger > CONVERSION,1
USR_001793,whatsapp_trigger > DROP_OFF,0
USR_001794,meta_awareness > whatsapp_trigger > DROP_OFF,0
USR_001795,meta_awareness > meta_awareness > whatsapp_trigger > CONVERSION,1
USR_001796,meta_awareness > meta_conversion > whatsapp_trigger > CONVERSION,1
USR_001797,meta_awareness > meta_awareness > whatsapp_trigger > DROP_OFF,0
USR_001798,meta_awareness > whatsapp_trigger > CONVERSION,1
USR_001799,meta_awareness > DROP_OFF,0
USR_001800,meta_conversion > CONVERSION,1
USR_001801,meta_awareness > whatsapp_trigger > CONVERSION,1
USR_001802,meta_awareness > whatsapp_trigger > CONVERSION,1
USR_001803,meta_awareness > whatsapp_trigger > DROP_OFF,0
USR_001804,meta_awareness > meta_conversion > CONVERSION,1
USR_001805,meta_awareness > meta_conversion > whatsapp_trigger > meta_awareness > meta_conversion > whatsapp_trigger > DROP_OFF,0
USR_001806,meta_conversion > whatsapp_trigger > whatsapp_trigger > CONVERSION,1
USR_001807,meta_awareness > meta_conversion > whatsapp_trigger > CONVERSION,1
USR_001808,meta_conversion > whatsapp_trigger > CONVERSION,1
USR_001809,meta_awareness > whatsapp_trigger > CONVERSION,1
USR_001810,meta_conversion > CONVERSION,1
USR_001811,meta_awareness > meta_awareness > meta_conversion > CONVERSION,1
USR_001812,meta_conversion > CONVERSION,1
USR_001813,meta_awareness > meta_conversion > meta_conversion > CONVERSION,1
USR_001814,meta_awareness > whatsapp_trigger > DROP_OFF,0
USR_001815,meta_awareness > meta_conversion > meta_conversion > whatsapp_trigger > CONVERSION,1
USR_001816,whatsapp_trigger > CONVERSION,1
USR_001817,meta_awareness > DROP_OFF,0
USR_001818,whatsapp_trigger > meta_awareness > whatsapp_trigger > meta_awareness > meta_conversion > DROP_OFF,0
USR_001819,meta_awareness > whatsapp_trigger > whatsapp_trigger > CONVERSION,1
USR_001820,meta_conversion > CONVERSION,1
USR_001821,meta_awareness > DROP_OFF,0
USR_001822,meta_awareness > whatsapp_trigger > CONVERSION,1
USR_001823,meta_conversion > whatsapp_trigger > CONVERSION,1
USR_001824,meta_awareness > meta_awareness > meta_awareness > DROP_OFF,0
USR_001825,meta_awareness > whatsapp_trigger > DROP_OFF,0
USR_001826,meta_awareness > meta_conversion > whatsapp_trigger > CONVERSION,1
USR_001827,meta_awareness > meta_conversion > DROP_OFF,0
USR_001828,meta_awareness > DROP_OFF,0
USR_001829,meta_conversion > DROP_OFF,0
USR_001830,meta_awareness > DROP_OFF,0
USR_001831,meta_awareness > whatsapp_trigger > CONVERSION,1
USR_001832,whatsapp_trigger > meta_awareness > DROP_OFF,0
USR_001833,meta_awareness > meta_conversion > whatsapp_trigger > meta_awareness > meta_conversion > meta_conversion > DROP_OFF,0
USR_001834,meta_conversion > CONVERSION,1
USR_001835,meta_conversion > CONVERSION,1
USR_001836,whatsapp_trigger > DROP_OFF,0
USR_001837,meta_awareness > meta_conversion > CONVERSION,1
USR_001838,meta_awareness > meta_conversion > whatsapp_trigger > DROP_OFF,0
USR_001839,meta_conversion > whatsapp_trigger > whatsapp_trigger > CONVERSION,1
USR_001840,meta_conversion > DROP_OFF,0
USR_001841,meta_awareness > DROP_OFF,0
USR_001842,meta_awareness > DROP_OFF,0
USR_001843,whatsapp_trigger > CONVERSION,1
USR_001844,meta_awareness > meta_conversion > whatsapp_trigger > DROP_OFF,0
USR_001845,meta_conversion > DROP_OFF,0
USR_001846,meta_awareness > meta_conversion > CONVERSION,1
USR_001847,meta_conversion > whatsapp_trigger > DROP_OFF,0
USR_001848,meta_awareness > meta_conversion > CONVERSION,1
USR_001849,whatsapp_trigger > CONVERSION,1
USR_001850,meta_awareness > DROP_OFF,0
USR_001851,whatsapp_trigger > CONVERSION,1
USR_001852,meta_conversion > whatsapp_trigger > DROP_OFF,0
USR_001853,meta_conversion > CONVERSION,1
USR_001854,meta_conversion > CONVERSION,1
USR_001855,meta_conversion > DROP_OFF,0
USR_001856,meta_awareness > whatsapp_trigger > CONVERSION,1
USR_001857,whatsapp_trigger > meta_awareness > meta_conversion > whatsapp_trigger > CONVERSION,1
USR_001858,meta_awareness > meta_conversion > CONVERSION,1
USR_001859,meta_awareness > meta_conversion > CONVERSION,1
USR_001860,meta_conversion > meta_conversion > DROP_OFF,0
USR_001861,meta_awareness > meta_conversion > whatsapp_trigger > CONVERSION,1
USR_001862,meta_conversion > whatsapp_trigger > CONVERSION,1
USR_001863,meta_conversion > whatsapp_trigger > meta_awareness > DROP_OFF,0
USR_001864,meta_awareness > whatsapp_trigger > meta_awareness > meta_awareness > DROP_OFF,0
USR_001865,meta_conversion > whatsapp_trigger > DROP_OFF,0
USR_001866,meta_awareness > meta_conversion > CONVERSION,1
USR_001867,meta_awareness > whatsapp_trigger > CONVERSION,1
USR_001868,whatsapp_trigger > CONVERSION,1
USR_001869,meta_conversion > whatsapp_trigger > CONVERSION,1
USR_001870,meta_awareness > meta_conversion > whatsapp_trigger > CONVERSION,1
USR_001871,meta_awareness > meta_conversion > CONVERSION,1
USR_001872,meta_awareness > whatsapp_trigger > CONVERSION,1
USR_001873,meta_awareness > meta_conversion > DROP_OFF,0
USR_001874,meta_awareness > whatsapp_trigger > CONVERSION,1
USR_001875,meta_conversion > CONVERSION,1
USR_001876,whatsapp_trigger > DROP_OFF,0
USR_001877,meta_conversion > DROP_OFF,0
USR_001878,meta_awareness > meta_conversion > DROP_OFF,0
USR_001879,meta_awareness > meta_conversion > whatsapp_trigger > CONVERSION,1
USR_001880,meta_awareness > meta_conversion > whatsapp_trigger > CONVERSION,1
USR_001881,meta_awareness > whatsapp_trigger > CONVERSION,1
USR_001882,whatsapp_trigger > whatsapp_trigger > whatsapp_trigger > CONVERSION,1
USR_001883,whatsapp_trigger > DROP_OFF,0
USR_001884,meta_awareness > meta_conversion > CONVERSION,1
USR_001885,meta_conversion > whatsapp_trigger > CONVERSION,1
USR_001886,meta_awareness > meta_conversion > CONVERSION,1
USR_001887,meta_conversion > CONVERSION,1
USR_001888,whatsapp_trigger > CONVERSION,1
USR_001889,meta_awareness > DROP_OFF,0
USR_001890,meta_conversion > DROP_OFF,0
USR_001891,meta_awareness > whatsapp_trigger > CONVERSION,1
USR_001892,whatsapp_trigger > CONVERSION,1
USR_001893,meta_awareness > DROP_OFF,0
USR_001894,whatsapp_trigger > CONVERSION,1
USR_001895,meta_awareness > meta_conversion > DROP_OFF,0
USR_001896,meta_awareness > meta_conversion > CONVERSION,1
USR_001897,meta_awareness > meta_conversion > whatsapp_trigger > whatsapp_trigger > CONVERSION,1
USR_001898,meta_conversion > CONVERSION,1
USR_001899,whatsapp_trigger > CONVERSION,1
USR_001900,meta_conversion > whatsapp_trigger > meta_awareness > DROP_OFF,0
USR_001901,meta_conversion > DROP_OFF,0
USR_001902,meta_awareness > meta_conversion > CONVERSION,1
USR_001903,meta_awareness > meta_awareness > whatsapp_trigger > CONVERSION,1
USR_001904,meta_conversion > DROP_OFF,0
USR_001905,meta_awareness > meta_conversion > DROP_OFF,0
USR_001906,meta_conversion > DROP_OFF,0
USR_001907,meta_awareness > meta_awareness > meta_conversion > meta_conversion > whatsapp_trigger > CONVERSION,1
USR_001908,whatsapp_trigger > CONVERSION,1
USR_001909,whatsapp_trigger > CONVERSION,1
USR_001910,meta_awareness > DROP_OFF,0
USR_001911,meta_awareness > meta_conversion > whatsapp_trigger > CONVERSION,1
USR_001912,meta_awareness > meta_conversion > DROP_OFF,0
USR_001913,meta_awareness > meta_conversion > meta_conversion > whatsapp_trigger > whatsapp_trigger > CONVERSION,1
USR_001914,whatsapp_trigger > CONVERSION,1
USR_001915,meta_conversion > CONVERSION,1
USR_001916,meta_awareness > meta_conversion > DROP_OFF,0
USR_001917,meta_awareness > DROP_OFF,0
USR_001918,meta_conversion > CONVERSION,1
USR_001919,meta_conversion > DROP_OFF,0
USR_001920,meta_awareness > meta_conversion > whatsapp_trigger > meta_awareness > whatsapp_trigger > whatsapp_trigger > CONVERSION,1
USR_001921,meta_awareness > whatsapp_trigger > CONVERSION,1
USR_001922,meta_awareness > meta_conversion > whatsapp_trigger > CONVERSION,1
USR_001923,meta_awareness > meta_conversion > CONVERSION,1
USR_001924,meta_awareness > DROP_OFF,0
USR_001925,meta_conversion > CONVERSION,1
USR_001926,meta_awareness > meta_conversion > CONVERSION,1
USR_001927,meta_awareness > meta_conversion > CONVERSION,1
USR_001928,meta_conversion > DROP_OFF,0
USR_001929,meta_awareness > whatsapp_trigger > meta_awareness > meta_awareness > whatsapp_trigger > DROP_OFF,0
USR_001930,meta_awareness > meta_conversion > whatsapp_trigger > DROP_OFF,0
USR_001931,meta_awareness > meta_conversion > whatsapp_trigger > meta_awareness > meta_conversion > DROP_OFF,0
USR_001932,meta_awareness > DROP_OFF,0
USR_001933,meta_conversion > CONVERSION,1
USR_001934,meta_awareness > meta_conversion > CONVERSION,1
USR_001935,meta_awareness > meta_awareness > whatsapp_trigger > whatsapp_trigger > CONVERSION,1
USR_001936,meta_conversion > DROP_OFF,0
USR_001937,meta_awareness > meta_awareness > meta_conversion > CONVERSION,1
USR_001938,whatsapp_trigger > CONVERSION,1
USR_001939,whatsapp_trigger > DROP_OFF,0
USR_001940,meta_conversion > CONVERSION,1
USR_001941,meta_conversion > DROP_OFF,0
USR_001942,meta_awareness > whatsapp_trigger > DROP_OFF,0
USR_001943,meta_conversion > DROP_OFF,0
USR_001944,meta_awareness > whatsapp_trigger > CONVERSION,1
USR_001945,meta_awareness > meta_conversion > whatsapp_trigger > CONVERSION,1
USR_001946,meta_awareness > meta_conversion > DROP_OFF,0
USR_001947,meta_awareness > meta_conversion > meta_conversion > CONVERSION,1
USR_001948,meta_conversion > CONVERSION,1
USR_001949,meta_awareness > meta_conversion > meta_conversion > CONVERSION,1
USR_001950,meta_awareness > whatsapp_trigger > DROP_OFF,0
USR_001951,meta_awareness > meta_conversion > CONVERSION,1
USR_001952,meta_awareness > meta_awareness > meta_conversion > DROP_OFF,0
USR_001953,meta_awareness > whatsapp_trigger > CONVERSION,1
USR_001954,whatsapp_trigger > DROP_OFF,0
USR_001955,meta_awareness > meta_awareness > meta_conversion > whatsapp_trigger > DROP_OFF,0
USR_001956,meta_awareness > whatsapp_trigger > CONVERSION,1
USR_001957,meta_awareness > meta_conversion > DROP_OFF,0
USR_001958,meta_awareness > meta_conversion > CONVERSION,1
USR_001959,meta_awareness > meta_conversion > whatsapp_trigger > CONVERSION,1
USR_001960,meta_awareness > whatsapp_trigger > CONVERSION,1
USR_001961,meta_awareness > meta_conversion > DROP_OFF,0
USR_001962,meta_conversion > DROP_OFF,0
USR_001963,meta_conversion > whatsapp_trigger > CONVERSION,1
USR_001964,meta_awareness > whatsapp_trigger > CONVERSION,1
USR_001965,meta_awareness > meta_conversion > CONVERSION,1
USR_001966,whatsapp_trigger > CONVERSION,1
USR_001967,meta_awareness > whatsapp_trigger > CONVERSION,1
USR_001968,meta_conversion > CONVERSION,1
USR_001969,meta_awareness > meta_conversion > CONVERSION,1
USR_001970,meta_awareness > meta_conversion > meta_conversion > meta_conversion > CONVERSION,1
USR_001971,meta_conversion > whatsapp_trigger > DROP_OFF,0
USR_001972,meta_conversion > CONVERSION,1
USR_001973,meta_awareness > meta_conversion > CONVERSION,1
USR_001974,meta_awareness > meta_conversion > CONVERSION,1
USR_001975,meta_awareness > meta_conversion > CONVERSION,1
USR_001976,meta_awareness > meta_conversion > DROP_OFF,0
USR_001977,meta_awareness > whatsapp_trigger > DROP_OFF,0
USR_001978,meta_awareness > meta_awareness > meta_awareness > meta_conversion > whatsapp_trigger > CONVERSION,1
USR_001979,meta_awareness > meta_conversion > whatsapp_trigger > CONVERSION,1
USR_001980,meta_awareness > meta_awareness > meta_conversion > DROP_OFF,0
USR_001981,meta_awareness > DROP_OFF,0
USR_001982,meta_conversion > CONVERSION,1
USR_001983,meta_awareness > meta_conversion > CONVERSION,1
USR_001984,meta_conversion > DROP_OFF,0
USR_001985,meta_awareness > meta_awareness > DROP_OFF,0
USR_001986,meta_awareness > whatsapp_trigger > CONVERSION,1
USR_001987,meta_conversion > whatsapp_trigger > CONVERSION,1
USR_001988,whatsapp_trigger > DROP_OFF,0
USR_001989,meta_awareness > whatsapp_trigger > CONVERSION,1
USR_001990,meta_awareness > DROP_OFF,0
USR_001991,meta_conversion > whatsapp_trigger > whatsapp_trigger > meta_awareness > meta_awareness > DROP_OFF,0
USR_001992,meta_awareness > meta_conversion > whatsapp_trigger > DROP_OFF,0
USR_001993,meta_conversion > CONVERSION,1
USR_001994,whatsapp_trigger > DROP_OFF,0
USR_001995,whatsapp_trigger > meta_awareness > meta_conversion > whatsapp_trigger > meta_awareness > meta_conversion > whatsapp_trigger > CONVERSION,1
USR_001996,whatsapp_trigger > DROP_OFF,0
USR_001997,meta_awareness > DROP_OFF,0
USR_001998,meta_conversion > whatsapp_trigger > CONVERSION,1
USR_001999,meta_awareness > whatsapp_trigger > DROP_OFF,0
USR_002000,meta_conversion > whatsapp_trigger > CONVERSION,1
USR_002001,meta_awareness > meta_awareness > whatsapp_trigger > CONVERSION,1
USR_002002,meta_awareness > meta_conversion > CONVERSION,1
USR_002003,meta_awareness > DROP_OFF,0
USR_002004,meta_awareness > meta_conversion > DROP_OFF,0
USR_002005,meta_conversion > DROP_OFF,0
USR_002006,meta_awareness > meta_conversion > DROP_OFF,0
USR_002007,meta_awareness > whatsapp_trigger > CONVERSION,1
USR_002008,meta_conversion > CONVERSION,1
USR_002009,meta_awareness > whatsapp_trigger > meta_awareness > meta_conversion > DROP_OFF,0
USR_002010,meta_awareness > whatsapp_trigger > CONVERSION,1
USR_002011,whatsapp_trigger > CONVERSION,1
USR_002012,whatsapp_trigger > CONVERSION,1
USR_002013,meta_awareness > meta_conversion > meta_conversion > CONVERSION,1
USR_002014,meta_conversion > CONVERSION,1
USR_002015,meta_awareness > meta_conversion > CONVERSION,1
USR_002016,meta_awareness > DROP_OFF,0
USR_002017,meta_awareness > meta_conversion > meta_conversion > whatsapp_trigger > CONVERSION,1
USR_002018,meta_conversion > CONVERSION,1
USR_002019,meta_awareness > whatsapp_trigger > CONVERSION,1
USR_002020,meta_awareness > whatsapp_trigger > meta_awareness > whatsapp_trigger > CONVERSION,1
USR_002021,meta_awareness > whatsapp_trigger > CONVERSION,1
USR_002022,meta_awareness > meta_conversion > whatsapp_trigger > whatsapp_trigger > CONVERSION,1
USR_002023,meta_awareness > DROP_OFF,0
USR_002024,meta_awareness > meta_conversion > CONVERSION,1
USR_002025,meta_conversion > CONVERSION,1
USR_002026,meta_awareness > meta_conversion > DROP_OFF,0
USR_002027,meta_conversion > DROP_OFF,0
USR_002028,meta_conversion > whatsapp_trigger > CONVERSION,1
USR_002029,meta_awareness > DROP_OFF,0
USR_002030,meta_awareness > whatsapp_trigger > whatsapp_trigger > DROP_OFF,0
USR_002031,meta_awareness > meta_conversion > CONVERSION,1
USR_002032,meta_awareness > meta_conversion > CONVERSION,1
USR_002033,meta_conversion > CONVERSION,1
USR_002034,meta_awareness > whatsapp_trigger > CONVERSION,1
USR_002035,meta_awareness > meta_conversion > DROP_OFF,0
USR_002036,meta_awareness > meta_conversion > DROP_OFF,0
USR_002037,whatsapp_trigger > DROP_OFF,0
USR_002038,meta_awareness > meta_conversion > CONVERSION,1
USR_002039,meta_awareness > meta_conversion > CONVERSION,1
USR_002040,meta_awareness > meta_conversion > CONVERSION,1
USR_002041,meta_conversion > whatsapp_trigger > CONVERSION,1
USR_002042,meta_conversion > CONVERSION,1
USR_002043,meta_awareness > whatsapp_trigger > CONVERSION,1
USR_002044,meta_conversion > CONVERSION,1
USR_002045,meta_awareness > whatsapp_trigger > CONVERSION,1
USR_002046,meta_awareness > meta_conversion > whatsapp_trigger > CONVERSION,1
USR_002047,meta_conversion > CONVERSION,1
USR_002048,meta_conversion > whatsapp_trigger > DROP_OFF,0
USR_002049,whatsapp_trigger > meta_awareness > whatsapp_trigger > DROP_OFF,0
USR_002050,meta_awareness > meta_conversion > whatsapp_trigger > CONVERSION,1
USR_002051,meta_awareness > meta_conversion > CONVERSION,1
USR_002052,meta_awareness > DROP_OFF,0
USR_002053,meta_awareness > meta_conversion > DROP_OFF,0
USR_002054,meta_awareness > DROP_OFF,0
USR_002055,meta_awareness > whatsapp_trigger > CONVERSION,1
USR_002056,meta_awareness > meta_conversion > whatsapp_trigger > CONVERSION,1
USR_002057,meta_awareness > meta_conversion > DROP_OFF,0
USR_002058,meta_awareness > meta_conversion > whatsapp_trigger > CONVERSION,1
USR_002059,meta_awareness > meta_conversion > DROP_OFF,0
USR_002060,meta_conversion > whatsapp_trigger > CONVERSION,1
USR_002061,meta_awareness > DROP_OFF,0
USR_002062,meta_awareness > whatsapp_trigger > CONVERSION,1
USR_002063,meta_conversion > DROP_OFF,0
USR_002064,meta_conversion > CONVERSION,1
USR_002065,meta_conversion > meta_conversion > whatsapp_trigger > CONVERSION,1
USR_002066,meta_conversion > CONVERSION,1
USR_002067,meta_awareness > meta_conversion > CONVERSION,1
USR_002068,meta_awareness > meta_conversion > DROP_OFF,0
USR_002069,meta_awareness > meta_awareness > meta_conversion > whatsapp_trigger > CONVERSION,1
USR_002070,meta_awareness > DROP_OFF,0
USR_002071,meta_conversion > whatsapp_trigger > CONVERSION,1
USR_002072,meta_conversion > DROP_OFF,0
USR_002073,meta_conversion > CONVERSION,1
USR_002074,meta_conversion > DROP_OFF,0
USR_002075,meta_awareness > whatsapp_trigger > CONVERSION,1
USR_002076,meta_awareness > DROP_OFF,0
USR_002077,meta_awareness > DROP_OFF,0
USR_002078,meta_awareness > whatsapp_trigger > CONVERSION,1
USR_002079,whatsapp_trigger > CONVERSION,1
USR_002080,meta_conversion > CONVERSION,1
USR_002081,meta_awareness > whatsapp_trigger > CONVERSION,1
USR_002082,meta_awareness > whatsapp_trigger > CONVERSION,1
USR_002083,meta_conversion > CONVERSION,1
USR_002084,whatsapp_trigger > CONVERSION,1
USR_002085,meta_awareness > meta_conversion > CONVERSION,1
USR_002086,meta_awareness > meta_conversion > meta_conversion > CONVERSION,1
USR_002087,whatsapp_trigger > CONVERSION,1
USR_002088,meta_conversion > whatsapp_trigger > CONVERSION,1
USR_002089,meta_awareness > meta_conversion > whatsapp_trigger > whatsapp_trigger > DROP_OFF,0
USR_002090,whatsapp_trigger > CONVERSION,1
USR_002091,meta_awareness > whatsapp_trigger > DROP_OFF,0
USR_002092,meta_conversion > CONVERSION,1
USR_002093,meta_awareness > meta_conversion > DROP_OFF,0
USR_002094,meta_conversion > CONVERSION,1
USR_002095,meta_awareness > meta_conversion > CONVERSION,1
USR_002096,meta_conversion > CONVERSION,1
USR_002097,meta_conversion > DROP_OFF,0
USR_002098,whatsapp_trigger > DROP_OFF,0
USR_002099,meta_conversion > DROP_OFF,0
USR_002100,meta_awareness > meta_awareness > meta_awareness > meta_conversion > DROP_OFF,0
USR_002101,meta_conversion > CONVERSION,1
USR_002102,meta_awareness > DROP_OFF,0
USR_002103,meta_awareness > meta_conversion > DROP_OFF,0
USR_002104,meta_conversion > whatsapp_trigger > whatsapp_trigger > CONVERSION,1
USR_002105,meta_awareness > DROP_OFF,0
USR_002106,meta_awareness > meta_conversion > CONVERSION,1
USR_002107,meta_awareness > whatsapp_trigger > meta_awareness > meta_conversion > whatsapp_trigger > DROP_OFF,0
USR_002108,meta_awareness > DROP_OFF,0
USR_002109,meta_conversion > CONVERSION,1
USR_002110,meta_awareness > DROP_OFF,0
USR_002111,meta_conversion > CONVERSION,1
USR_002112,meta_awareness > whatsapp_trigger > DROP_OFF,0
USR_002113,meta_awareness > meta_conversion > CONVERSION,1
USR_002114,meta_conversion > whatsapp_trigger > CONVERSION,1
USR_002115,meta_conversion > whatsapp_trigger > CONVERSION,1
USR_002116,meta_conversion > whatsapp_trigger > CONVERSION,1
USR_002117,meta_conversion > whatsapp_trigger > CONVERSION,1
USR_002118,meta_conversion > CONVERSION,1
USR_002119,meta_conversion > CONVERSION,1
USR_002120,meta_awareness > meta_conversion > whatsapp_trigger > meta_awareness > whatsapp_trigger > CONVERSION,1
USR_002121,meta_conversion > CONVERSION,1
USR_002122,meta_awareness > meta_conversion > CONVERSION,1
USR_002123,meta_awareness > meta_conversion > CONVERSION,1
USR_002124,meta_awareness > DROP_OFF,0
USR_002125,whatsapp_trigger > CONVERSION,1
USR_002126,meta_awareness > meta_conversion > CONVERSION,1
USR_002127,whatsapp_trigger > DROP_OFF,0
USR_002128,meta_conversion > whatsapp_trigger > CONVERSION,1
USR_002129,meta_awareness > whatsapp_trigger > CONVERSION,1
USR_002130,meta_conversion > whatsapp_trigger > CONVERSION,1
USR_002131,meta_awareness > whatsapp_trigger > CONVERSION,1
USR_002132,meta_awareness > meta_conversion > whatsapp_trigger > DROP_OFF,0
USR_002133,meta_awareness > meta_conversion > CONVERSION,1
USR_002134,meta_awareness > meta_conversion > DROP_OFF,0
USR_002135,whatsapp_trigger > whatsapp_trigger > CONVERSION,1
USR_002136,meta_conversion > CONVERSION,1
USR_002137,meta_conversion > meta_conversion > CONVERSION,1
USR_002138,whatsapp_trigger > CONVERSION,1
USR_002139,meta_awareness > meta_conversion > CONVERSION,1
USR_002140,meta_awareness > DROP_OFF,0
USR_002141,meta_awareness > meta_awareness > whatsapp_trigger > CONVERSION,1
USR_002142,meta_conversion > meta_conversion > whatsapp_trigger > CONVERSION,1
USR_002143,meta_awareness > meta_conversion > meta_conversion > DROP_OFF,0
USR_002144,meta_conversion > DROP_OFF,0
USR_002145,meta_awareness > whatsapp_trigger > CONVERSION,1
USR_002146,meta_awareness > meta_conversion > meta_conversion > whatsapp_trigger > CONVERSION,1
USR_002147,meta_conversion > whatsapp_trigger > CONVERSION,1
USR_002148,meta_awareness > DROP_OFF,0
USR_002149,meta_awareness > DROP_OFF,0
USR_002150,whatsapp_trigger > DROP_OFF,0
USR_002151,meta_awareness > DROP_OFF,0
USR_002152,meta_awareness > meta_conversion > whatsapp_trigger > CONVERSION,1
USR_002153,meta_awareness > whatsapp_trigger > CONVERSION,1
USR_002154,meta_conversion > DROP_OFF,0
USR_002155,meta_conversion > meta_conversion > meta_conversion > CONVERSION,1
USR_002156,meta_conversion > CONVERSION,1
USR_002157,meta_conversion > CONVERSION,1
USR_002158,meta_conversion > CONVERSION,1
USR_002159,meta_awareness > meta_conversion > meta_conversion > whatsapp_trigger > DROP_OFF,0
USR_002160,meta_awareness > meta_conversion > whatsapp_trigger > CONVERSION,1
USR_002161,meta_awareness > meta_conversion > CONVERSION,1
USR_002162,meta_awareness > meta_conversion > CONVERSION,1
USR_002163,meta_conversion > DROP_OFF,0
USR_002164,meta_conversion > CONVERSION,1
USR_002165,meta_conversion > CONVERSION,1
USR_002166,meta_awareness > whatsapp_trigger > CONVERSION,1
USR_002167,meta_conversion > CONVERSION,1
USR_002168,meta_awareness > whatsapp_trigger > DROP_OFF,0
USR_002169,meta_conversion > whatsapp_trigger > meta_awareness > whatsapp_trigger > CONVERSION,1
USR_002170,meta_awareness > DROP_OFF,0
USR_002171,whatsapp_trigger > DROP_OFF,0
USR_002172,meta_awareness > meta_awareness > whatsapp_trigger > DROP_OFF,0
USR_002173,meta_awareness > DROP_OFF,0
USR_002174,meta_conversion > whatsapp_trigger > CONVERSION,1
USR_002175,meta_awareness > meta_conversion > CONVERSION,1
USR_002176,meta_awareness > DROP_OFF,0
USR_002177,meta_awareness > meta_conversion > whatsapp_trigger > meta_awareness > meta_conversion > CONVERSION,1
USR_002178,meta_awareness > meta_conversion > CONVERSION,1
USR_002179,meta_conversion > whatsapp_trigger > CONVERSION,1
USR_002180,meta_conversion > CONVERSION,1
USR_002181,meta_conversion > whatsapp_trigger > DROP_OFF,0
USR_002182,meta_conversion > whatsapp_trigger > whatsapp_trigger > DROP_OFF,0
USR_002183,meta_awareness > meta_awareness > DROP_OFF,0
USR_002184,meta_awareness > meta_conversion > DROP_OFF,0
USR_002185,meta_conversion > whatsapp_trigger > CONVERSION,1
USR_002186,whatsapp_trigger > CONVERSION,1
USR_002187,meta_conversion > meta_conversion > meta_conversion > whatsapp_trigger > meta_awareness > meta_conversion > meta_conversion > CONVERSION,1
USR_002188,meta_awareness > whatsapp_trigger > CONVERSION,1
USR_002189,meta_awareness > meta_conversion > meta_conversion > CONVERSION,1
USR_002190,meta_awareness > meta_conversion > meta_conversion > whatsapp_trigger > CONVERSION,1
USR_002191,meta_awareness > meta_conversion > whatsapp_trigger > CONVERSION,1
USR_002192,meta_conversion > CONVERSION,1
USR_002193,meta_conversion > CONVERSION,1
USR_002194,meta_awareness > meta_conversion > meta_conversion > CONVERSION,1
USR_002195,meta_conversion > CONVERSION,1
USR_002196,meta_awareness > meta_awareness > meta_conversion > CONVERSION,1
USR_002197,meta_awareness > DROP_OFF,0
USR_002198,meta_awareness > DROP_OFF,0
USR_002199,meta_awareness > meta_conversion > CONVERSION,1
USR_002200,meta_awareness > DROP_OFF,0
USR_002201,meta_conversion > CONVERSION,1
USR_002202,meta_awareness > whatsapp_trigger > meta_awareness > meta_conversion > CONVERSION,1
USR_002203,meta_awareness > DROP_OFF,0
USR_002204,whatsapp_trigger > CONVERSION,1
USR_002205,meta_awareness > whatsapp_trigger > DROP_OFF,0
USR_002206,meta_conversion > CONVERSION,1
USR_002207,meta_awareness > DROP_OFF,0
USR_002208,meta_awareness > DROP_OFF,0
USR_002209,whatsapp_trigger > whatsapp_trigger > DROP_OFF,0
USR_002210,meta_awareness > meta_conversion > whatsapp_trigger > CONVERSION,1
USR_002211,meta_conversion > DROP_OFF,0
USR_002212,meta_awareness > whatsapp_trigger > CONVERSION,1
USR_002213,meta_awareness > whatsapp_trigger > CONVERSION,1
USR_002214,meta_conversion > whatsapp_trigger > CONVERSION,1
USR_002215,meta_awareness > meta_conversion > DROP_OFF,0
USR_002216,meta_awareness > whatsapp_trigger > CONVERSION,1
USR_002217,whatsapp_trigger > CONVERSION,1
USR_002218,meta_awareness > meta_conversion > meta_conversion > DROP_OFF,0
USR_002219,meta_awareness > meta_conversion > CONVERSION,1
USR_002220,meta_awareness > meta_awareness > DROP_OFF,0
USR_002221,meta_awareness > DROP_OFF,0
USR_002222,meta_awareness > meta_conversion > DROP_OFF,0
USR_002223,meta_conversion > meta_conversion > DROP_OFF,0
USR_002224,meta_awareness > meta_awareness > DROP_OFF,0
USR_002225,meta_conversion > whatsapp_trigger > CONVERSION,1
USR_002226,meta_awareness > whatsapp_trigger > DROP_OFF,0
USR_002227,meta_awareness > DROP_OFF,0
USR_002228,meta_awareness > meta_conversion > CONVERSION,1
USR_002229,whatsapp_trigger > CONVERSION,1
USR_002230,meta_awareness > meta_conversion > CONVERSION,1
USR_002231,meta_awareness > meta_conversion > meta_conversion > DROP_OFF,0
USR_002232,meta_awareness > meta_conversion > whatsapp_trigger > CONVERSION,1
USR_002233,meta_awareness > DROP_OFF,0
USR_002234,meta_conversion > whatsapp_trigger > whatsapp_trigger > meta_awareness > meta_conversion > whatsapp_trigger > whatsapp_trigger > DROP_OFF,0
USR_002235,meta_awareness > meta_conversion > CONVERSION,1
USR_002236,meta_conversion > DROP_OFF,0
USR_002237,meta_awareness > whatsapp_trigger > CONVERSION,1
USR_002238,meta_awareness > meta_conversion > CONVERSION,1
USR_002239,meta_awareness > meta_conversion > CONVERSION,1
USR_002240,whatsapp_trigger > CONVERSION,1
USR_002241,meta_conversion > CONVERSION,1
USR_002242,meta_awareness > DROP_OFF,0
USR_002243,meta_awareness > DROP_OFF,0
USR_002244,meta_awareness > whatsapp_trigger > meta_awareness > DROP_OFF,0
USR_002245,meta_conversion > DROP_OFF,0
USR_002246,meta_awareness > meta_conversion > CONVERSION,1
USR_002247,meta_conversion > CONVERSION,1
USR_002248,meta_conversion > CONVERSION,1
USR_002249,meta_awareness > meta_conversion > whatsapp_trigger > whatsapp_trigger > meta_awareness > meta_conversion > CONVERSION,1
USR_002250,meta_awareness > meta_conversion > whatsapp_trigger > DROP_OFF,0
USR_002251,meta_awareness > meta_conversion > DROP_OFF,0
USR_002252,meta_awareness > whatsapp_trigger > CONVERSION,1
USR_002253,meta_awareness > meta_awareness > meta_conversion > whatsapp_trigger > CONVERSION,1
USR_002254,meta_awareness > meta_conversion > CONVERSION,1
USR_002255,meta_awareness > meta_conversion > meta_conversion > DROP_OFF,0
USR_002256,meta_awareness > whatsapp_trigger > whatsapp_trigger > CONVERSION,1
USR_002257,meta_conversion > CONVERSION,1
USR_002258,meta_conversion > CONVERSION,1
USR_002259,whatsapp_trigger > meta_awareness > whatsapp_trigger > DROP_OFF,0
USR_002260,meta_awareness > DROP_OFF,0
USR_002261,meta_conversion > CONVERSION,1
USR_002262,meta_awareness > meta_conversion > DROP_OFF,0
USR_002263,meta_awareness > meta_conversion > whatsapp_trigger > DROP_OFF,0
USR_002264,meta_conversion > whatsapp_trigger > meta_awareness > DROP_OFF,0
USR_002265,meta_conversion > DROP_OFF,0
USR_002266,meta_awareness > DROP_OFF,0
USR_002267,meta_conversion > CONVERSION,1
USR_002268,meta_awareness > meta_conversion > DROP_OFF,0
USR_002269,meta_awareness > DROP_OFF,0
USR_002270,meta_awareness > whatsapp_trigger > meta_awareness > DROP_OFF,0
USR_002271,meta_awareness > whatsapp_trigger > CONVERSION,1
USR_002272,meta_awareness > meta_awareness > meta_conversion > CONVERSION,1
USR_002273,meta_conversion > whatsapp_trigger > DROP_OFF,0
USR_002274,meta_awareness > whatsapp_trigger > DROP_OFF,0
USR_002275,meta_awareness > DROP_OFF,0
USR_002276,meta_conversion > meta_conversion > whatsapp_trigger > CONVERSION,1
USR_002277,meta_awareness > whatsapp_trigger > CONVERSION,1
USR_002278,meta_awareness > DROP_OFF,0
USR_002279,meta_awareness > meta_awareness > DROP_OFF,0
USR_002280,meta_awareness > meta_conversion > meta_conversion > CONVERSION,1
USR_002281,whatsapp_trigger > CONVERSION,1
USR_002282,meta_awareness > meta_awareness > meta_conversion > CONVERSION,1
USR_002283,meta_awareness > DROP_OFF,0
USR_002284,meta_awareness > DROP_OFF,0
USR_002285,meta_awareness > DROP_OFF,0
USR_002286,meta_awareness > whatsapp_trigger > CONVERSION,1
USR_002287,meta_conversion > DROP_OFF,0
USR_002288,meta_conversion > DROP_OFF,0
USR_002289,meta_awareness > whatsapp_trigger > whatsapp_trigger > DROP_OFF,0
USR_002290,meta_conversion > DROP_OFF,0
USR_002291,meta_awareness > DROP_OFF,0
USR_002292,whatsapp_trigger > CONVERSION,1
USR_002293,meta_awareness > meta_conversion > CONVERSION,1
USR_002294,meta_awareness > DROP_OFF,0
USR_002295,meta_conversion > whatsapp_trigger > CONVERSION,1
USR_002296,meta_conversion > CONVERSION,1
USR_002297,meta_conversion > whatsapp_trigger > DROP_OFF,0
USR_002298,meta_awareness > whatsapp_trigger > meta_awareness > DROP_OFF,0
USR_002299,meta_conversion > CONVERSION,1
USR_002300,whatsapp_trigger > DROP_OFF,0
USR_002301,meta_awareness > DROP_OFF,0
USR_002302,meta_awareness > meta_conversion > whatsapp_trigger > CONVERSION,1
USR_002303,meta_conversion > CONVERSION,1
USR_002304,meta_awareness > DROP_OFF,0
USR_002305,meta_awareness > whatsapp_trigger > DROP_OFF,0
USR_002306,meta_awareness > DROP_OFF,0
USR_002307,meta_awareness > meta_conversion > whatsapp_trigger > DROP_OFF,0
USR_002308,meta_conversion > whatsapp_trigger > CONVERSION,1
USR_002309,meta_awareness > meta_conversion > whatsapp_trigger > DROP_OFF,0
USR_002310,meta_awareness > meta_awareness > meta_conversion > DROP_OFF,0
USR_002311,meta_awareness > meta_conversion > whatsapp_trigger > DROP_OFF,0
USR_002312,meta_awareness > meta_conversion > whatsapp_trigger > CONVERSION,1
USR_002313,meta_conversion > CONVERSION,1
USR_002314,meta_awareness > whatsapp_trigger > CONVERSION,1
USR_002315,meta_awareness > whatsapp_trigger > CONVERSION,1
USR_002316,meta_conversion > CONVERSION,1
USR_002317,meta_awareness > DROP_OFF,0
USR_002318,whatsapp_trigger > CONVERSION,1
USR_002319,meta_awareness > meta_conversion > whatsapp_trigger > CONVERSION,1
USR_002320,meta_awareness > whatsapp_trigger > whatsapp_trigger > CONVERSION,1
USR_002321,meta_conversion > DROP_OFF,0
USR_002322,meta_conversion > whatsapp_trigger > whatsapp_trigger > DROP_OFF,0
USR_002323,meta_awareness > whatsapp_trigger > CONVERSION,1
USR_002324,meta_awareness > whatsapp_trigger > whatsapp_trigger > meta_awareness > meta_conversion > CONVERSION,1
USR_002325,whatsapp_trigger > CONVERSION,1
USR_002326,meta_conversion > DROP_OFF,0
USR_002327,meta_awareness > DROP_OFF,0
USR_002328,meta_awareness > DROP_OFF,0
USR_002329,meta_awareness > whatsapp_trigger > whatsapp_trigger > CONVERSION,1
USR_002330,meta_conversion > CONVERSION,1
USR_002331,meta_conversion > whatsapp_trigger > whatsapp_trigger > CONVERSION,1
USR_002332,meta_awareness > meta_conversion > CONVERSION,1
USR_002333,meta_conversion > whatsapp_trigger > CONVERSION,1
USR_002334,meta_awareness > meta_conversion > CONVERSION,1
USR_002335,meta_awareness > meta_awareness > meta_awareness > meta_conversion > CONVERSION,1
USR_002336,meta_awareness > whatsapp_trigger > whatsapp_trigger > whatsapp_trigger > CONVERSION,1
USR_002337,meta_awareness > DROP_OFF,0
USR_002338,meta_conversion > DROP_OFF,0
USR_002339,meta_conversion > whatsapp_trigger > meta_awareness > whatsapp_trigger > DROP_OFF,0
USR_002340,meta_conversion > whatsapp_trigger > whatsapp_trigger > CONVERSION,1
USR_002341,meta_awareness > meta_conversion > DROP_OFF,0
USR_002342,whatsapp_trigger > CONVERSION,1
USR_002343,meta_awareness > DROP_OFF,0
USR_002344,meta_awareness > meta_conversion > whatsapp_trigger > CONVERSION,1
USR_002345,meta_conversion > CONVERSION,1
USR_002346,meta_awareness > DROP_OFF,0
USR_002347,meta_awareness > whatsapp_trigger > CONVERSION,1
USR_002348,whatsapp_trigger > CONVERSION,1
USR_002349,meta_awareness > DROP_OFF,0
USR_002350,meta_conversion > DROP_OFF,0
USR_002351,meta_conversion > meta_conversion > CONVERSION,1
USR_002352,meta_conversion > whatsapp_trigger > CONVERSION,1
USR_002353,whatsapp_trigger > whatsapp_trigger > meta_awareness > DROP_OFF,0
USR_002354,meta_conversion > DROP_OFF,0
USR_002355,meta_conversion > whatsapp_trigger > CONVERSION,1
USR_002356,whatsapp_trigger > CONVERSION,1
USR_002357,meta_conversion > whatsapp_trigger > CONVERSION,1
USR_002358,meta_awareness > meta_awareness > meta_conversion > whatsapp_trigger > CONVERSION,1
USR_002359,meta_awareness > whatsapp_trigger > CONVERSION,1
USR_002360,meta_awareness > whatsapp_trigger > CONVERSION,1
USR_002361,meta_conversion > DROP_OFF,0
USR_002362,meta_awareness > whatsapp_trigger > CONVERSION,1
USR_002363,meta_awareness > whatsapp_trigger > meta_awareness > meta_awareness > DROP_OFF,0
USR_002364,meta_awareness > meta_conversion > CONVERSION,1
USR_002365,meta_awareness > whatsapp_trigger > DROP_OFF,0
USR_002366,meta_awareness > meta_conversion > whatsapp_trigger > whatsapp_trigger > CONVERSION,1
USR_002367,meta_awareness > DROP_OFF,0
USR_002368,meta_conversion > CONVERSION,1
USR_002369,meta_conversion > DROP_OFF,0
USR_002370,meta_awareness > meta_conversion > DROP_OFF,0
USR_002371,meta_awareness > DROP_OFF,0
USR_002372,meta_conversion > CONVERSION,1
USR_002373,meta_conversion > whatsapp_trigger > DROP_OFF,0
USR_002374,meta_awareness > meta_conversion > DROP_OFF,0
USR_002375,meta_conversion > CONVERSION,1
USR_002376,meta_awareness > meta_conversion > DROP_OFF,0
USR_002377,meta_conversion > DROP_OFF,0
USR_002378,meta_awareness > meta_conversion > CONVERSION,1
USR_002379,meta_awareness > whatsapp_trigger > CONVERSION,1
USR_002380,meta_awareness > meta_conversion > whatsapp_trigger > CONVERSION,1
USR_002381,meta_conversion > CONVERSION,1
USR_002382,meta_conversion > CONVERSION,1
USR_002383,meta_awareness > meta_conversion > meta_conversion > DROP_OFF,0
USR_002384,meta_conversion > CONVERSION,1
USR_002385,meta_awareness > whatsapp_trigger > CONVERSION,1
USR_002386,meta_conversion > CONVERSION,1
USR_002387,meta_awareness > meta_conversion > CONVERSION,1
USR_002388,meta_conversion > DROP_OFF,0
USR_002389,meta_awareness > meta_awareness > meta_conversion > DROP_OFF,0
USR_002390,meta_awareness > DROP_OFF,0
USR_002391,meta_awareness > DROP_OFF,0
USR_002392,meta_awareness > meta_conversion > CONVERSION,1
USR_002393,meta_awareness > meta_conversion > whatsapp_trigger > CONVERSION,1
USR_002394,meta_conversion > whatsapp_trigger > CONVERSION,1
USR_002395,meta_awareness > meta_conversion > whatsapp_trigger > meta_awareness > meta_conversion > whatsapp_trigger > CONVERSION,1
USR_002396,meta_awareness > meta_conversion > meta_conversion > whatsapp_trigger > DROP_OFF,0
USR_002397,meta_awareness > DROP_OFF,0
USR_002398,meta_awareness > DROP_OFF,0
USR_002399,meta_awareness > DROP_OFF,0
USR_002400,meta_awareness > meta_conversion > DROP_OFF,0
USR_002401,meta_awareness > meta_conversion > CONVERSION,1
USR_002402,meta_awareness > meta_conversion > CONVERSION,1
USR_002403,meta_awareness > whatsapp_trigger > CONVERSION,1
USR_002404,meta_conversion > CONVERSION,1
USR_002405,meta_awareness > meta_awareness > meta_conversion > whatsapp_trigger > DROP_OFF,0
USR_002406,meta_awareness > meta_conversion > whatsapp_trigger > CONVERSION,1
USR_002407,whatsapp_trigger > CONVERSION,1
USR_002408,meta_awareness > meta_conversion > DROP_OFF,0
USR_002409,meta_awareness > meta_conversion > meta_conversion > whatsapp_trigger > meta_awareness > meta_conversion > CONVERSION,1
USR_002410,meta_awareness > meta_conversion > meta_conversion > CONVERSION,1
USR_002411,meta_awareness > meta_conversion > whatsapp_trigger > meta_awareness > meta_conversion > CONVERSION,1
USR_002412,meta_conversion > DROP_OFF,0
USR_002413,meta_awareness > DROP_OFF,0
USR_002414,meta_awareness > DROP_OFF,0
USR_002415,meta_awareness > meta_conversion > meta_conversion > meta_conversion > CONVERSION,1
USR_002416,meta_awareness > DROP_OFF,0
USR_002417,meta_conversion > DROP_OFF,0
USR_002418,meta_conversion > CONVERSION,1
USR_002419,meta_awareness > whatsapp_trigger > CONVERSION,1
USR_002420,meta_awareness > meta_awareness > meta_conversion > whatsapp_trigger > CONVERSION,1
USR_002421,meta_conversion > CONVERSION,1
USR_002422,meta_conversion > CONVERSION,1
USR_002423,meta_awareness > meta_conversion > meta_conversion > CONVERSION,1
USR_002424,meta_awareness > whatsapp_trigger > whatsapp_trigger > CONVERSION,1
USR_002425,meta_awareness > DROP_OFF,0
USR_002426,meta_awareness > meta_awareness > meta_conversion > DROP_OFF,0
USR_002427,meta_awareness > meta_conversion > meta_conversion > CONVERSION,1
USR_002428,meta_awareness > meta_awareness > meta_conversion > CONVERSION,1
USR_002429,meta_awareness > meta_conversion > meta_conversion > DROP_OFF,0
USR_002430,meta_conversion > CONVERSION,1
USR_002431,whatsapp_trigger > CONVERSION,1
USR_002432,meta_conversion > whatsapp_trigger > CONVERSION,1
USR_002433,meta_awareness > whatsapp_trigger > CONVERSION,1
USR_002434,meta_awareness > meta_awareness > meta_conversion > CONVERSION,1
USR_002435,meta_conversion > whatsapp_trigger > DROP_OFF,0
USR_002436,meta_conversion > DROP_OFF,0
USR_002437,meta_conversion > DROP_OFF,0
USR_002438,meta_conversion > CONVERSION,1
USR_002439,meta_awareness > meta_conversion > whatsapp_trigger > CONVERSION,1
USR_002440,meta_conversion > CONVERSION,1
USR_002441,meta_awareness > meta_conversion > whatsapp_trigger > DROP_OFF,0
USR_002442,meta_awareness > meta_conversion > whatsapp_trigger > CONVERSION,1
USR_002443,meta_awareness > meta_conversion > CONVERSION,1
USR_002444,meta_awareness > meta_conversion > CONVERSION,1
USR_002445,meta_awareness > meta_awareness > meta_conversion > CONVERSION,1
USR_002446,meta_conversion > meta_conversion > CONVERSION,1
USR_002447,meta_awareness > DROP_OFF,0
USR_002448,meta_awareness > whatsapp_trigger > CONVERSION,1
USR_002449,whatsapp_trigger > whatsapp_trigger > DROP_OFF,0
USR_002450,meta_awareness > meta_awareness > meta_conversion > CONVERSION,1
USR_002451,meta_awareness > meta_awareness > meta_conversion > CONVERSION,1
USR_002452,meta_awareness > meta_conversion > CONVERSION,1
USR_002453,meta_awareness > meta_conversion > CONVERSION,1
USR_002454,meta_awareness > meta_conversion > CONVERSION,1
USR_002455,meta_awareness > meta_conversion > meta_conversion > CONVERSION,1
USR_002456,whatsapp_trigger > DROP_OFF,0
USR_002457,meta_awareness > whatsapp_trigger > CONVERSION,1
USR_002458,meta_conversion > whatsapp_trigger > CONVERSION,1
USR_002459,meta_awareness > DROP_OFF,0
USR_002460,meta_awareness > whatsapp_trigger > whatsapp_trigger > meta_awareness > meta_conversion > CONVERSION,1
USR_002461,meta_awareness > meta_awareness > whatsapp_trigger > whatsapp_trigger > DROP_OFF,0
USR_002462,meta_awareness > whatsapp_trigger > DROP_OFF,0
USR_002463,meta_awareness > meta_conversion > whatsapp_trigger > CONVERSION,1
USR_002464,whatsapp_trigger > CONVERSION,1
USR_002465,meta_awareness > DROP_OFF,0
USR_002466,meta_awareness > meta_conversion > CONVERSION,1
USR_002467,meta_conversion > whatsapp_trigger > CONVERSION,1
USR_002468,meta_awareness > DROP_OFF,0
USR_002469,meta_conversion > DROP_OFF,0
USR_002470,meta_awareness > meta_conversion > CONVERSION,1
USR_002471,meta_awareness > meta_conversion > DROP_OFF,0
USR_002472,meta_awareness > whatsapp_trigger > CONVERSION,1
USR_002473,meta_conversion > whatsapp_trigger > CONVERSION,1
USR_002474,meta_awareness > meta_awareness > meta_conversion > DROP_OFF,0
USR_002475,meta_awareness > DROP_OFF,0
USR_002476,meta_awareness > meta_conversion > CONVERSION,1
USR_002477,meta_awareness > meta_conversion > CONVERSION,1
USR_002478,meta_conversion > CONVERSION,1
USR_002479,meta_awareness > whatsapp_trigger > CONVERSION,1
USR_002480,meta_conversion > whatsapp_trigger > CONVERSION,1
USR_002481,whatsapp_trigger > CONVERSION,1
USR_002482,meta_awareness > meta_conversion > whatsapp_trigger > meta_awareness > meta_conversion > whatsapp_trigger > DROP_OFF,0
USR_002483,meta_conversion > DROP_OFF,0
USR_002484,meta_awareness > meta_conversion > CONVERSION,1
USR_002485,meta_awareness > whatsapp_trigger > CONVERSION,1
USR_002486,meta_awareness > DROP_OFF,0
USR_002487,meta_conversion > CONVERSION,1
USR_002488,meta_awareness > DROP_OFF,0
USR_002489,whatsapp_trigger > CONVERSION,1
USR_002490,meta_awareness > DROP_OFF,0
USR_002491,meta_awareness > DROP_OFF,0
USR_002492,meta_conversion > DROP_OFF,0
USR_002493,meta_conversion > whatsapp_trigger > whatsapp_trigger > CONVERSION,1
USR_002494,meta_awareness > whatsapp_trigger > meta_awareness > meta_conversion > CONVERSION,1
USR_002495,meta_conversion > CONVERSION,1
USR_002496,meta_awareness > DROP_OFF,0
USR_002497,meta_awareness > meta_awareness > DROP_OFF,0
USR_002498,meta_conversion > meta_conversion > whatsapp_trigger > DROP_OFF,0
USR_002499,whatsapp_trigger > CONVERSION,1
USR_002500,meta_awareness > meta_conversion > CONVERSION,1
USR_002501,whatsapp_trigger > meta_awareness > DROP_OFF,0
USR_002502,meta_awareness > meta_awareness > meta_conversion > DROP_OFF,0
USR_002503,meta_awareness > meta_awareness > meta_conversion > CONVERSION,1
USR_002504,meta_conversion > CONVERSION,1
USR_002505,meta_awareness > whatsapp_trigger > DROP_OFF,0
USR_002506,meta_awareness > meta_conversion > CONVERSION,1
USR_002507,meta_awareness > DROP_OFF,0
USR_002508,meta_awareness > meta_awareness > whatsapp_trigger > CONVERSION,1
USR_002509,meta_conversion > meta_conversion > CONVERSION,1
USR_002510,meta_awareness > DROP_OFF,0
USR_002511,meta_conversion > DROP_OFF,0
USR_002512,meta_awareness > meta_conversion > DROP_OFF,0
USR_002513,meta_awareness > meta_conversion > CONVERSION,1
USR_002514,meta_awareness > meta_conversion > DROP_OFF,0
USR_002515,meta_awareness > DROP_OFF,0
USR_002516,meta_conversion > CONVERSION,1
USR_002517,meta_awareness > DROP_OFF,0
USR_002518,meta_awareness > meta_conversion > DROP_OFF,0
USR_002519,whatsapp_trigger > CONVERSION,1
USR_002520,meta_awareness > DROP_OFF,0
USR_002521,meta_awareness > meta_conversion > meta_conversion > DROP_OFF,0
USR_002522,meta_awareness > meta_conversion > whatsapp_trigger > CONVERSION,1
USR_002523,meta_awareness > meta_conversion > CONVERSION,1
USR_002524,whatsapp_trigger > CONVERSION,1
USR_002525,meta_awareness > meta_conversion > CONVERSION,1
USR_002526,meta_conversion > whatsapp_trigger > CONVERSION,1
USR_002527,meta_awareness > DROP_OFF,0
USR_002528,meta_conversion > whatsapp_trigger > DROP_OFF,0
USR_002529,meta_awareness > DROP_OFF,0
USR_002530,meta_conversion > DROP_OFF,0
USR_002531,meta_conversion > meta_conversion > CONVERSION,1
USR_002532,meta_conversion > whatsapp_trigger > DROP_OFF,0
USR_002533,meta_conversion > whatsapp_trigger > CONVERSION,1
USR_002534,meta_awareness > DROP_OFF,0
USR_002535,meta_awareness > meta_conversion > meta_conversion > CONVERSION,1
USR_002536,meta_awareness > DROP_OFF,0
USR_002537,meta_awareness > meta_awareness > whatsapp_trigger > DROP_OFF,0
USR_002538,meta_awareness > whatsapp_trigger > DROP_OFF,0
USR_002539,whatsapp_trigger > CONVERSION,1
USR_002540,whatsapp_trigger > whatsapp_trigger > CONVERSION,1
USR_002541,meta_awareness > meta_awareness > meta_conversion > meta_conversion > whatsapp_trigger > meta_awareness > DROP_OFF,0
USR_002542,meta_conversion > CONVERSION,1
USR_002543,meta_conversion > meta_conversion > CONVERSION,1
USR_002544,meta_conversion > CONVERSION,1
USR_002545,meta_awareness > meta_conversion > whatsapp_trigger > CONVERSION,1
USR_002546,meta_conversion > DROP_OFF,0
USR_002547,meta_conversion > CONVERSION,1
USR_002548,meta_awareness > meta_conversion > whatsapp_trigger > CONVERSION,1
USR_002549,meta_awareness > meta_conversion > CONVERSION,1
USR_002550,meta_conversion > CONVERSION,1
USR_002551,whatsapp_trigger > CONVERSION,1
USR_002552,meta_conversion > whatsapp_trigger > CONVERSION,1
USR_002553,meta_awareness > meta_awareness > meta_conversion > whatsapp_trigger > meta_awareness > whatsapp_trigger > meta_awareness > DROP_OFF,0
USR_002554,meta_conversion > DROP_OFF,0
USR_002555,meta_awareness > whatsapp_trigger > CONVERSION,1
USR_002556,meta_awareness > whatsapp_trigger > DROP_OFF,0
USR_002557,meta_conversion > CONVERSION,1
USR_002558,meta_awareness > DROP_OFF,0
USR_002559,whatsapp_trigger > CONVERSION,1
USR_002560,meta_conversion > CONVERSION,1
USR_002561,meta_awareness > whatsapp_trigger > CONVERSION,1
USR_002562,meta_conversion > whatsapp_trigger > whatsapp_trigger > CONVERSION,1
USR_002563,meta_conversion > whatsapp_trigger > meta_awareness > whatsapp_trigger > whatsapp_trigger > CONVERSION,1
USR_002564,meta_awareness > meta_conversion > whatsapp_trigger > CONVERSION,1
USR_002565,meta_conversion > CONVERSION,1
USR_002566,meta_awareness > DROP_OFF,0
USR_002567,meta_awareness > whatsapp_trigger > DROP_OFF,0
USR_002568,meta_awareness > meta_conversion > whatsapp_trigger > meta_awareness > whatsapp_trigger > CONVERSION,1
USR_002569,meta_awareness > meta_conversion > DROP_OFF,0
USR_002570,meta_awareness > whatsapp_trigger > CONVERSION,1
USR_002571,meta_awareness > DROP_OFF,0
USR_002572,whatsapp_trigger > CONVERSION,1
USR_002573,whatsapp_trigger > CONVERSION,1
USR_002574,meta_awareness > meta_conversion > whatsapp_trigger > whatsapp_trigger > whatsapp_trigger > CONVERSION,1
USR_002575,whatsapp_trigger > CONVERSION,1
USR_002576,whatsapp_trigger > CONVERSION,1
USR_002577,meta_conversion > CONVERSION,1
USR_002578,whatsapp_trigger > CONVERSION,1
USR_002579,meta_awareness > meta_conversion > whatsapp_trigger > CONVERSION,1
USR_002580,whatsapp_trigger > CONVERSION,1
USR_002581,meta_conversion > meta_conversion > DROP_OFF,0
USR_002582,meta_awareness > DROP_OFF,0
USR_002583,meta_conversion > meta_conversion > whatsapp_trigger > CONVERSION,1
USR_002584,meta_awareness > whatsapp_trigger > CONVERSION,1
USR_002585,meta_conversion > meta_conversion > meta_conversion > CONVERSION,1
USR_002586,meta_awareness > meta_conversion > DROP_OFF,0
USR_002587,meta_awareness > meta_conversion > whatsapp_trigger > CONVERSION,1
USR_002588,meta_awareness > DROP_OFF,0
USR_002589,meta_conversion > whatsapp_trigger > whatsapp_trigger > CONVERSION,1
USR_002590,meta_awareness > DROP_OFF,0
USR_002591,meta_awareness > meta_conversion > CONVERSION,1
USR_002592,meta_awareness > whatsapp_trigger > DROP_OFF,0
USR_002593,meta_conversion > DROP_OFF,0
USR_002594,meta_conversion > CONVERSION,1
USR_002595,meta_awareness > meta_awareness > meta_conversion > whatsapp_trigger > CONVERSION,1
USR_002596,whatsapp_trigger > whatsapp_trigger > CONVERSION,1
USR_002597,meta_conversion > DROP_OFF,0
USR_002598,meta_conversion > CONVERSION,1
USR_002599,whatsapp_trigger > CONVERSION,1
USR_002600,meta_conversion > meta_conversion > CONVERSION,1
USR_002601,meta_awareness > DROP_OFF,0
USR_002602,meta_awareness > meta_conversion > meta_conversion > DROP_OFF,0
USR_002603,whatsapp_trigger > CONVERSION,1
USR_002604,meta_awareness > meta_conversion > whatsapp_trigger > CONVERSION,1
USR_002605,meta_conversion > CONVERSION,1
USR_002606,meta_awareness > whatsapp_trigger > CONVERSION,1
USR_002607,meta_conversion > whatsapp_trigger > whatsapp_trigger > CONVERSION,1
USR_002608,meta_conversion > whatsapp_trigger > CONVERSION,1
USR_002609,meta_conversion > CONVERSION,1
USR_002610,meta_conversion > CONVERSION,1
USR_002611,meta_awareness > meta_conversion > CONVERSION,1
USR_002612,meta_awareness > meta_conversion > whatsapp_trigger > DROP_OFF,0
USR_002613,meta_conversion > whatsapp_trigger > DROP_OFF,0
USR_002614,whatsapp_trigger > CONVERSION,1
USR_002615,meta_awareness > meta_conversion > CONVERSION,1
USR_002616,meta_conversion > CONVERSION,1
USR_002617,meta_awareness > whatsapp_trigger > DROP_OFF,0
USR_002618,meta_awareness > meta_conversion > CONVERSION,1
USR_002619,meta_conversion > CONVERSION,1
USR_002620,meta_awareness > meta_conversion > CONVERSION,1
USR_002621,meta_conversion > CONVERSION,1
USR_002622,meta_awareness > DROP_OFF,0
USR_002623,whatsapp_trigger > meta_awareness > meta_awareness > meta_conversion > whatsapp_trigger > CONVERSION,1
USR_002624,meta_awareness > whatsapp_trigger > meta_awareness > DROP_OFF,0
USR_002625,meta_conversion > whatsapp_trigger > DROP_OFF,0
USR_002626,meta_awareness > DROP_OFF,0
USR_002627,meta_awareness > meta_conversion > CONVERSION,1
USR_002628,meta_awareness > meta_conversion > CONVERSION,1
USR_002629,meta_conversion > CONVERSION,1
USR_002630,meta_conversion > whatsapp_trigger > whatsapp_trigger > CONVERSION,1
USR_002631,meta_conversion > whatsapp_trigger > DROP_OFF,0
USR_002632,meta_conversion > whatsapp_trigger > CONVERSION,1
USR_002633,meta_awareness > meta_awareness > meta_conversion > DROP_OFF,0
USR_002634,meta_awareness > meta_conversion > meta_conversion > CONVERSION,1
USR_002635,meta_awareness > whatsapp_trigger > CONVERSION,1
USR_002636,meta_conversion > CONVERSION,1
USR_002637,whatsapp_trigger > CONVERSION,1
USR_002638,meta_awareness > meta_awareness > meta_conversion > DROP_OFF,0
USR_002639,meta_conversion > whatsapp_trigger > DROP_OFF,0
USR_002640,meta_awareness > meta_conversion > whatsapp_trigger > DROP_OFF,0
USR_002641,meta_conversion > meta_conversion > CONVERSION,1
USR_002642,meta_awareness > meta_conversion > CONVERSION,1
USR_002643,whatsapp_trigger > DROP_OFF,0
USR_002644,meta_conversion > CONVERSION,1
USR_002645,meta_awareness > meta_conversion > CONVERSION,1
USR_002646,meta_conversion > whatsapp_trigger > CONVERSION,1
USR_002647,whatsapp_trigger > CONVERSION,1
USR_002648,meta_conversion > whatsapp_trigger > CONVERSION,1
USR_002649,whatsapp_trigger > DROP_OFF,0
USR_002650,meta_awareness > meta_awareness > meta_conversion > whatsapp_trigger > CONVERSION,1
USR_002651,meta_awareness > meta_conversion > DROP_OFF,0
USR_002652,meta_awareness > meta_conversion > meta_conversion > DROP_OFF,0
USR_002653,meta_awareness > meta_conversion > DROP_OFF,0
USR_002654,meta_awareness > meta_conversion > meta_conversion > CONVERSION,1
USR_002655,meta_awareness > meta_conversion > CONVERSION,1
USR_002656,whatsapp_trigger > CONVERSION,1
USR_002657,meta_awareness > meta_conversion > CONVERSION,1
USR_002658,meta_awareness > meta_awareness > meta_conversion > meta_conversion > DROP_OFF,0
USR_002659,meta_awareness > meta_conversion > CONVERSION,1
USR_002660,meta_awareness > whatsapp_trigger > DROP_OFF,0
USR_002661,meta_awareness > meta_conversion > CONVERSION,1
USR_002662,meta_awareness > whatsapp_trigger > CONVERSION,1
USR_002663,whatsapp_trigger > CONVERSION,1
USR_002664,meta_awareness > meta_conversion > DROP_OFF,0
USR_002665,meta_conversion > whatsapp_trigger > CONVERSION,1
USR_002666,meta_awareness > whatsapp_trigger > CONVERSION,1
USR_002667,meta_conversion > whatsapp_trigger > whatsapp_trigger > DROP_OFF,0
USR_002668,whatsapp_trigger > whatsapp_trigger > DROP_OFF,0
USR_002669,meta_awareness > DROP_OFF,0
USR_002670,meta_awareness > meta_conversion > whatsapp_trigger > CONVERSION,1
USR_002671,meta_awareness > meta_conversion > DROP_OFF,0
USR_002672,meta_conversion > CONVERSION,1
USR_002673,meta_awareness > meta_awareness > whatsapp_trigger > DROP_OFF,0
USR_002674,meta_awareness > meta_awareness > meta_conversion > whatsapp_trigger > CONVERSION,1
USR_002675,meta_conversion > whatsapp_trigger > CONVERSION,1
USR_002676,meta_awareness > meta_conversion > CONVERSION,1
USR_002677,meta_awareness > meta_conversion > meta_conversion > CONVERSION,1
USR_002678,meta_awareness > whatsapp_trigger > whatsapp_trigger > CONVERSION,1
USR_002679,meta_awareness > meta_conversion > DROP_OFF,0
USR_002680,meta_conversion > whatsapp_trigger > DROP_OFF,0
USR_002681,meta_awareness > meta_awareness > meta_awareness > whatsapp_trigger > DROP_OFF,0
USR_002682,meta_awareness > whatsapp_trigger > meta_awareness > DROP_OFF,0
USR_002683,meta_awareness > whatsapp_trigger > meta_awareness > meta_conversion > whatsapp_trigger > CONVERSION,1
USR_002684,whatsapp_trigger > DROP_OFF,0
USR_002685,meta_conversion > whatsapp_trigger > CONVERSION,1
USR_002686,whatsapp_trigger > meta_awareness > whatsapp_trigger > meta_awareness > DROP_OFF,0
USR_002687,meta_awareness > meta_conversion > CONVERSION,1
USR_002688,whatsapp_trigger > CONVERSION,1
USR_002689,meta_awareness > DROP_OFF,0
USR_002690,meta_awareness > DROP_OFF,0
USR_002691,whatsapp_trigger > DROP_OFF,0
USR_002692,meta_awareness > whatsapp_trigger > DROP_OFF,0
USR_002693,meta_awareness > meta_conversion > DROP_OFF,0
USR_002694,meta_conversion > meta_conversion > whatsapp_trigger > CONVERSION,1
USR_002695,meta_awareness > whatsapp_trigger > CONVERSION,1
USR_002696,meta_conversion > DROP_OFF,0
USR_002697,meta_conversion > CONVERSION,1
USR_002698,meta_awareness > DROP_OFF,0
USR_002699,meta_awareness > meta_awareness > meta_conversion > CONVERSION,1
USR_002700,whatsapp_trigger > DROP_OFF,0
USR_002701,meta_awareness > DROP_OFF,0
USR_002702,meta_awareness > meta_awareness > DROP_OFF,0
USR_002703,meta_awareness > DROP_OFF,0
USR_002704,meta_awareness > meta_awareness > meta_conversion > whatsapp_trigger > CONVERSION,1
USR_002705,meta_conversion > whatsapp_trigger > DROP_OFF,0
USR_002706,meta_conversion > meta_conversion > whatsapp_trigger > CONVERSION,1
USR_002707,meta_awareness > meta_conversion > CONVERSION,1
USR_002708,meta_awareness > meta_conversion > CONVERSION,1
USR_002709,whatsapp_trigger > CONVERSION,1
USR_002710,meta_awareness > meta_conversion > CONVERSION,1
USR_002711,meta_conversion > CONVERSION,1
USR_002712,meta_conversion > CONVERSION,1
USR_002713,meta_conversion > whatsapp_trigger > DROP_OFF,0
USR_002714,meta_conversion > whatsapp_trigger > whatsapp_trigger > DROP_OFF,0
USR_002715,meta_awareness > meta_awareness > meta_conversion > DROP_OFF,0
USR_002716,meta_awareness > meta_conversion > whatsapp_trigger > CONVERSION,1
USR_002717,meta_awareness > meta_conversion > CONVERSION,1
USR_002718,meta_awareness > meta_conversion > whatsapp_trigger > DROP_OFF,0
USR_002719,meta_awareness > meta_conversion > CONVERSION,1
USR_002720,whatsapp_trigger > CONVERSION,1
USR_002721,meta_awareness > whatsapp_trigger > DROP_OFF,0
USR_002722,whatsapp_trigger > DROP_OFF,0
USR_002723,meta_awareness > meta_conversion > whatsapp_trigger > CONVERSION,1
USR_002724,meta_awareness > DROP_OFF,0
USR_002725,meta_awareness > meta_conversion > DROP_OFF,0
USR_002726,meta_conversion > CONVERSION,1
USR_002727,meta_awareness > whatsapp_trigger > DROP_OFF,0
USR_002728,meta_awareness > meta_conversion > CONVERSION,1
USR_002729,meta_awareness > meta_conversion > meta_conversion > DROP_OFF,0
USR_002730,meta_awareness > meta_conversion > whatsapp_trigger > DROP_OFF,0
USR_002731,meta_awareness > meta_conversion > CONVERSION,1
USR_002732,meta_awareness > meta_conversion > DROP_OFF,0
USR_002733,meta_awareness > meta_conversion > whatsapp_trigger > DROP_OFF,0
USR_002734,meta_awareness > whatsapp_trigger > CONVERSION,1
USR_002735,meta_awareness > DROP_OFF,0
USR_002736,meta_conversion > CONVERSION,1
USR_002737,meta_awareness > whatsapp_trigger > CONVERSION,1
USR_002738,whatsapp_trigger > whatsapp_trigger > CONVERSION,1
USR_002739,meta_awareness > DROP_OFF,0
USR_002740,meta_awareness > whatsapp_trigger > CONVERSION,1
USR_002741,meta_awareness > meta_conversion > CONVERSION,1
USR_002742,meta_awareness > meta_conversion > CONVERSION,1
USR_002743,meta_conversion > CONVERSION,1
USR_002744,meta_awareness > whatsapp_trigger > whatsapp_trigger > CONVERSION,1
USR_002745,meta_awareness > whatsapp_trigger > CONVERSION,1
USR_002746,meta_awareness > meta_conversion > CONVERSION,1
USR_002747,meta_conversion > whatsapp_trigger > CONVERSION,1
USR_002748,meta_awareness > whatsapp_trigger > CONVERSION,1
USR_002749,meta_awareness > meta_conversion > CONVERSION,1
USR_002750,meta_awareness > DROP_OFF,0
USR_002751,meta_conversion > whatsapp_trigger > CONVERSION,1
USR_002752,meta_awareness > meta_awareness > DROP_OFF,0
USR_002753,meta_awareness > meta_conversion > DROP_OFF,0
USR_002754,meta_conversion > whatsapp_trigger > CONVERSION,1
USR_002755,meta_awareness > meta_conversion > whatsapp_trigger > CONVERSION,1
USR_002756,meta_awareness > meta_conversion > whatsapp_trigger > CONVERSION,1
USR_002757,meta_awareness > meta_conversion > whatsapp_trigger > CONVERSION,1
USR_002758,meta_conversion > CONVERSION,1
USR_002759,meta_awareness > DROP_OFF,0
USR_002760,meta_awareness > meta_awareness > meta_conversion > whatsapp_trigger > whatsapp_trigger > CONVERSION,1
USR_002761,whatsapp_trigger > meta_awareness > meta_conversion > whatsapp_trigger > whatsapp_trigger > whatsapp_trigger > meta_awareness > meta_conversion > DROP_OFF,0
USR_002762,meta_conversion > CONVERSION,1
USR_002763,meta_conversion > whatsapp_trigger > CONVERSION,1
USR_002764,meta_awareness > DROP_OFF,0
USR_002765,meta_conversion > CONVERSION,1
USR_002766,meta_awareness > DROP_OFF,0
USR_002767,meta_awareness > meta_conversion > CONVERSION,1
USR_002768,meta_conversion > meta_conversion > whatsapp_trigger > DROP_OFF,0
USR_002769,meta_awareness > meta_conversion > DROP_OFF,0
USR_002770,meta_awareness > DROP_OFF,0
USR_002771,meta_conversion > CONVERSION,1
USR_002772,whatsapp_trigger > meta_awareness > whatsapp_trigger > meta_awareness > meta_conversion > DROP_OFF,0
USR_002773,whatsapp_trigger > DROP_OFF,0
USR_002774,meta_conversion > CONVERSION,1
USR_002775,meta_conversion > whatsapp_trigger > CONVERSION,1
USR_002776,meta_awareness > whatsapp_trigger > CONVERSION,1
USR_002777,whatsapp_trigger > CONVERSION,1
USR_002778,meta_awareness > meta_awareness > whatsapp_trigger > whatsapp_trigger > CONVERSION,1
USR_002779,meta_conversion > meta_conversion > CONVERSION,1
USR_002780,meta_awareness > whatsapp_trigger > CONVERSION,1
USR_002781,meta_awareness > whatsapp_trigger > DROP_OFF,0
USR_002782,whatsapp_trigger > CONVERSION,1
USR_002783,meta_awareness > meta_awareness > meta_conversion > CONVERSION,1
USR_002784,meta_conversion > DROP_OFF,0
USR_002785,meta_conversion > DROP_OFF,0
USR_002786,meta_awareness > meta_conversion > whatsapp_trigger > CONVERSION,1
USR_002787,meta_awareness > whatsapp_trigger > DROP_OFF,0
USR_002788,meta_awareness > DROP_OFF,0
USR_002789,meta_awareness > whatsapp_trigger > CONVERSION,1
USR_002790,meta_conversion > meta_conversion > whatsapp_trigger > DROP_OFF,0
USR_002791,meta_awareness > DROP_OFF,0
USR_002792,meta_awareness > meta_conversion > DROP_OFF,0
USR_002793,meta_awareness > meta_conversion > CONVERSION,1
USR_002794,meta_awareness > DROP_OFF,0
USR_002795,meta_awareness > DROP_OFF,0
USR_002796,meta_awareness > DROP_OFF,0
USR_002797,meta_awareness > whatsapp_trigger > DROP_OFF,0
USR_002798,meta_conversion > CONVERSION,1
USR_002799,meta_awareness > meta_awareness > meta_conversion > CONVERSION,1
USR_002800,meta_awareness > meta_conversion > CONVERSION,1
USR_002801,meta_awareness > whatsapp_trigger > DROP_OFF,0
USR_002802,meta_awareness > meta_conversion > DROP_OFF,0
USR_002803,meta_conversion > CONVERSION,1
USR_002804,meta_awareness > meta_awareness > meta_conversion > DROP_OFF,0
USR_002805,meta_awareness > meta_awareness > meta_conversion > CONVERSION,1
USR_002806,whatsapp_trigger > CONVERSION,1
USR_002807,meta_conversion > CONVERSION,1
USR_002808,meta_conversion > DROP_OFF,0
USR_002809,meta_awareness > whatsapp_trigger > CONVERSION,1
USR_002810,meta_awareness > DROP_OFF,0
USR_002811,meta_awareness > meta_conversion > CONVERSION,1
USR_002812,meta_awareness > meta_conversion > whatsapp_trigger > CONVERSION,1
USR_002813,meta_awareness > meta_awareness > meta_awareness > DROP_OFF,0
USR_002814,meta_conversion > CONVERSION,1
USR_002815,meta_awareness > meta_conversion > whatsapp_trigger > CONVERSION,1
USR_002816,meta_awareness > DROP_OFF,0
USR_002817,whatsapp_trigger > CONVERSION,1
USR_002818,meta_awareness > meta_conversion > whatsapp_trigger > CONVERSION,1
USR_002819,meta_conversion > whatsapp_trigger > CONVERSION,1
USR_002820,meta_conversion > CONVERSION,1
USR_002821,meta_awareness > meta_conversion > whatsapp_trigger > meta_awareness > whatsapp_trigger > CONVERSION,1
USR_002822,whatsapp_trigger > meta_awareness > whatsapp_trigger > CONVERSION,1
USR_002823,meta_conversion > whatsapp_trigger > whatsapp_trigger > CONVERSION,1
USR_002824,meta_awareness > meta_conversion > DROP_OFF,0
USR_002825,meta_awareness > meta_conversion > whatsapp_trigger > CONVERSION,1
USR_002826,whatsapp_trigger > CONVERSION,1
USR_002827,meta_awareness > meta_awareness > meta_conversion > CONVERSION,1
USR_002828,meta_conversion > DROP_OFF,0
USR_002829,meta_awareness > meta_conversion > CONVERSION,1
USR_002830,meta_awareness > whatsapp_trigger > CONVERSION,1
USR_002831,whatsapp_trigger > DROP_OFF,0
USR_002832,meta_conversion > DROP_OFF,0
USR_002833,meta_awareness > DROP_OFF,0
USR_002834,meta_awareness > meta_awareness > meta_conversion > whatsapp_trigger > DROP_OFF,0
USR_002835,meta_awareness > DROP_OFF,0
USR_002836,meta_awareness > meta_conversion > whatsapp_trigger > CONVERSION,1
USR_002837,meta_awareness > DROP_OFF,0
USR_002838,meta_awareness > DROP_OFF,0
USR_002839,meta_conversion > DROP_OFF,0
USR_002840,meta_conversion > CONVERSION,1
USR_002841,meta_conversion > DROP_OFF,0
USR_002842,meta_conversion > DROP_OFF,0
USR_002843,meta_awareness > DROP_OFF,0
USR_002844,meta_awareness > meta_conversion > CONVERSION,1
USR_002845,meta_awareness > meta_conversion > meta_conversion > whatsapp_trigger > meta_awareness > meta_conversion > CONVERSION,1
USR_002846,meta_awareness > whatsapp_trigger > CONVERSION,1
USR_002847,meta_awareness > meta_awareness > whatsapp_trigger > meta_awareness > meta_awareness > meta_conversion > whatsapp_trigger > CONVERSION,1
USR_002848,meta_conversion > DROP_OFF,0
USR_002849,meta_awareness > whatsapp_trigger > whatsapp_trigger > CONVERSION,1
USR_002850,whatsapp_trigger > CONVERSION,1
USR_002851,meta_awareness > meta_conversion > meta_conversion > whatsapp_trigger > DROP_OFF,0
USR_002852,meta_awareness > DROP_OFF,0
USR_002853,meta_awareness > meta_conversion > CONVERSION,1
USR_002854,whatsapp_trigger > whatsapp_trigger > CONVERSION,1
USR_002855,meta_awareness > DROP_OFF,0
USR_002856,meta_conversion > whatsapp_trigger > CONVERSION,1
USR_002857,whatsapp_trigger > CONVERSION,1
USR_002858,meta_conversion > CONVERSION,1
USR_002859,meta_awareness > meta_conversion > DROP_OFF,0
USR_002860,meta_awareness > whatsapp_trigger > DROP_OFF,0
USR_002861,meta_awareness > DROP_OFF,0
USR_002862,meta_conversion > whatsapp_trigger > whatsapp_trigger > DROP_OFF,0
USR_002863,meta_awareness > meta_conversion > DROP_OFF,0
USR_002864,meta_awareness > meta_awareness > meta_conversion > CONVERSION,1
USR_002865,meta_awareness > meta_conversion > meta_conversion > whatsapp_trigger > DROP_OFF,0
USR_002866,whatsapp_trigger > whatsapp_trigger > whatsapp_trigger > meta_awareness > meta_conversion > CONVERSION,1
USR_002867,meta_awareness > DROP_OFF,0
USR_002868,meta_awareness > meta_conversion > CONVERSION,1
USR_002869,meta_conversion > DROP_OFF,0
USR_002870,meta_awareness > meta_conversion > whatsapp_trigger > DROP_OFF,0
USR_002871,meta_awareness > whatsapp_trigger > meta_awareness > DROP_OFF,0
USR_002872,meta_conversion > CONVERSION,1
USR_002873,meta_awareness > meta_awareness > DROP_OFF,0
USR_002874,meta_conversion > whatsapp_trigger > DROP_OFF,0
USR_002875,meta_conversion > CONVERSION,1
USR_002876,meta_conversion > CONVERSION,1
USR_002877,meta_awareness > meta_awareness > meta_conversion > meta_conversion > whatsapp_trigger > CONVERSION,1
USR_002878,meta_conversion > DROP_OFF,0
USR_002879,meta_awareness > DROP_OFF,0
USR_002880,meta_conversion > whatsapp_trigger > CONVERSION,1
USR_002881,meta_awareness > meta_awareness > meta_conversion > CONVERSION,1
USR_002882,meta_awareness > meta_conversion > whatsapp_trigger > CONVERSION,1
USR_002883,meta_awareness > meta_conversion > DROP_OFF,0
USR_002884,whatsapp_trigger > CONVERSION,1
USR_002885,meta_conversion > whatsapp_trigger > meta_awareness > meta_conversion > CONVERSION,1
USR_002886,meta_awareness > DROP_OFF,0
USR_002887,meta_awareness > DROP_OFF,0
USR_002888,meta_awareness > DROP_OFF,0
USR_002889,meta_conversion > DROP_OFF,0
USR_002890,meta_awareness > meta_conversion > CONVERSION,1
USR_002891,meta_awareness > meta_conversion > CONVERSION,1
USR_002892,meta_conversion > CONVERSION,1
USR_002893,meta_awareness > meta_awareness > meta_conversion > CONVERSION,1
USR_002894,meta_awareness > DROP_OFF,0
USR_002895,meta_conversion > whatsapp_trigger > CONVERSION,1
USR_002896,meta_awareness > meta_conversion > whatsapp_trigger > CONVERSION,1
USR_002897,meta_awareness > meta_conversion > whatsapp_trigger > CONVERSION,1
USR_002898,whatsapp_trigger > CONVERSION,1
USR_002899,meta_awareness > whatsapp_trigger > meta_awareness > meta_conversion > DROP_OFF,0
USR_002900,meta_awareness > meta_conversion > CONVERSION,1
USR_002901,whatsapp_trigger > CONVERSION,1
USR_002902,meta_conversion > CONVERSION,1
USR_002903,meta_awareness > whatsapp_trigger > whatsapp_trigger > CONVERSION,1
USR_002904,meta_conversion > whatsapp_trigger > CONVERSION,1
USR_002905,meta_awareness > meta_conversion > CONVERSION,1
USR_002906,meta_awareness > whatsapp_trigger > CONVERSION,1
USR_002907,meta_conversion > CONVERSION,1
USR_002908,meta_conversion > DROP_OFF,0
USR_002909,meta_conversion > meta_conversion > whatsapp_trigger > DROP_OFF,0
USR_002910,meta_conversion > DROP_OFF,0
USR_002911,meta_awareness > meta_conversion > CONVERSION,1
USR_002912,whatsapp_trigger > whatsapp_trigger > CONVERSION,1
USR_002913,whatsapp_trigger > CONVERSION,1
USR_002914,meta_conversion > whatsapp_trigger > whatsapp_trigger > CONVERSION,1
USR_002915,meta_awareness > DROP_OFF,0
USR_002916,meta_awareness > whatsapp_trigger > CONVERSION,1
USR_002917,meta_awareness > DROP_OFF,0
USR_002918,meta_awareness > meta_conversion > whatsapp_trigger > whatsapp_trigger > DROP_OFF,0
USR_002919,meta_awareness > DROP_OFF,0
USR_002920,meta_awareness > whatsapp_trigger > DROP_OFF,0
USR_002921,meta_conversion > meta_conversion > CONVERSION,1
USR_002922,meta_conversion > whatsapp_trigger > CONVERSION,1
USR_002923,meta_awareness > whatsapp_trigger > CONVERSION,1
USR_002924,meta_conversion > whatsapp_trigger > CONVERSION,1
USR_002925,meta_awareness > meta_conversion > CONVERSION,1
USR_002926,meta_conversion > whatsapp_trigger > whatsapp_trigger > CONVERSION,1
USR_002927,meta_awareness > whatsapp_trigger > CONVERSION,1
USR_002928,whatsapp_trigger > meta_awareness > DROP_OFF,0
USR_002929,meta_conversion > CONVERSION,1
USR_002930,whatsapp_trigger > CONVERSION,1
USR_002931,meta_awareness > DROP_OFF,0
USR_002932,meta_conversion > CONVERSION,1
USR_002933,meta_conversion > CONVERSION,1
USR_002934,meta_awareness > meta_conversion > meta_conversion > DROP_OFF,0
USR_002935,meta_awareness > whatsapp_trigger > whatsapp_trigger > CONVERSION,1
USR_002936,meta_conversion > whatsapp_trigger > CONVERSION,1
USR_002937,meta_conversion > CONVERSION,1
USR_002938,whatsapp_trigger > DROP_OFF,0
USR_002939,meta_awareness > whatsapp_trigger > DROP_OFF,0
USR_002940,meta_conversion > whatsapp_trigger > CONVERSION,1
USR_002941,meta_conversion > whatsapp_trigger > CONVERSION,1
USR_002942,meta_awareness > meta_conversion > CONVERSION,1
USR_002943,meta_awareness > whatsapp_trigger > CONVERSION,1
USR_002944,meta_awareness > meta_conversion > whatsapp_trigger > CONVERSION,1
USR_002945,meta_awareness > whatsapp_trigger > meta_awareness > meta_awareness > whatsapp_trigger > CONVERSION,1
USR_002946,meta_awareness > whatsapp_trigger > CONVERSION,1
USR_002947,meta_awareness > whatsapp_trigger > DROP_OFF,0
USR_002948,meta_awareness > meta_awareness > DROP_OFF,0
USR_002949,meta_conversion > CONVERSION,1
USR_002950,meta_conversion > DROP_OFF,0
USR_002951,meta_awareness > meta_awareness > DROP_OFF,0
USR_002952,meta_awareness > meta_conversion > DROP_OFF,0
USR_002953,meta_awareness > DROP_OFF,0
USR_002954,meta_conversion > CONVERSION,1
USR_002955,meta_awareness > meta_awareness > meta_awareness > DROP_OFF,0
USR_002956,meta_conversion > DROP_OFF,0
USR_002957,meta_awareness > meta_conversion > CONVERSION,1
USR_002958,meta_awareness > whatsapp_trigger > CONVERSION,1
USR_002959,meta_conversion > CONVERSION,1
USR_002960,meta_awareness > meta_conversion > CONVERSION,1
USR_002961,meta_conversion > CONVERSION,1
USR_002962,meta_conversion > CONVERSION,1
USR_002963,meta_conversion > DROP_OFF,0
USR_002964,meta_awareness > meta_conversion > CONVERSION,1
USR_002965,whatsapp_trigger > CONVERSION,1
USR_002966,meta_awareness > meta_conversion > whatsapp_trigger > CONVERSION,1
USR_002967,meta_conversion > whatsapp_trigger > CONVERSION,1
USR_002968,whatsapp_trigger > CONVERSION,1
USR_002969,meta_awareness > meta_awareness > whatsapp_trigger > CONVERSION,1
USR_002970,meta_awareness > meta_conversion > CONVERSION,1
USR_002971,meta_awareness > meta_conversion > whatsapp_trigger > DROP_OFF,0
USR_002972,whatsapp_trigger > whatsapp_trigger > meta_awareness > whatsapp_trigger > CONVERSION,1
USR_002973,meta_conversion > CONVERSION,1
USR_002974,meta_awareness > DROP_OFF,0
USR_002975,meta_awareness > meta_conversion > CONVERSION,1
USR_002976,meta_awareness > DROP_OFF,0
USR_002977,meta_awareness > meta_conversion > whatsapp_trigger > CONVERSION,1
USR_002978,whatsapp_trigger > meta_awareness > DROP_OFF,0
USR_002979,meta_awareness > whatsapp_trigger > CONVERSION,1
USR_002980,meta_conversion > CONVERSION,1
USR_002981,meta_awareness > meta_conversion > whatsapp_trigger > CONVERSION,1
USR_002982,meta_awareness > meta_conversion > CONVERSION,1
USR_002983,meta_awareness > meta_conversion > whatsapp_trigger > CONVERSION,1
USR_002984,meta_conversion > CONVERSION,1
USR_002985,whatsapp_trigger > CONVERSION,1
USR_002986,meta_awareness > meta_conversion > CONVERSION,1
USR_002987,meta_awareness > whatsapp_trigger > CONVERSION,1
USR_002988,meta_awareness > DROP_OFF,0
USR_002989,meta_awareness > whatsapp_trigger > whatsapp_trigger > CONVERSION,1
USR_002990,whatsapp_trigger > DROP_OFF,0
USR_002991,meta_conversion > CONVERSION,1
USR_002992,meta_conversion > DROP_OFF,0
USR_002993,meta_awareness > meta_conversion > DROP_OFF,0
USR_002994,whatsapp_trigger > CONVERSION,1
USR_002995,meta_conversion > CONVERSION,1
USR_002996,meta_awareness > meta_conversion > DROP_OFF,0
USR_002997,meta_conversion > CONVERSION,1
USR_002998,meta_awareness > whatsapp_trigger > CONVERSION,1
USR_002999,meta_conversion > whatsapp_trigger > meta_awareness > whatsapp_trigger > CONVERSION,1
USR_003000,whatsapp_trigger > CONVERSION,1
USR_003001,meta_awareness > DROP_OFF,0
USR_003002,meta_conversion > whatsapp_trigger > CONVERSION,1
USR_003003,meta_awareness > whatsapp_trigger > CONVERSION,1
USR_003004,meta_awareness > meta_conversion > whatsapp_trigger > whatsapp_trigger > CONVERSION,1
USR_003005,meta_awareness > DROP_OFF,0
USR_003006,whatsapp_trigger > CONVERSION,1
USR_003007,meta_conversion > whatsapp_trigger > CONVERSION,1
USR_003008,meta_conversion > whatsapp_trigger > CONVERSION,1
USR_003009,meta_conversion > CONVERSION,1
USR_003010,meta_awareness > meta_conversion > CONVERSION,1
USR_003011,meta_conversion > CONVERSION,1
USR_003012,meta_conversion > DROP_OFF,0
USR_003013,whatsapp_trigger > DROP_OFF,0
USR_003014,whatsapp_trigger > CONVERSION,1
USR_003015,whatsapp_trigger > DROP_OFF,0
USR_003016,meta_awareness > meta_conversion > CONVERSION,1
USR_003017,meta_awareness > meta_conversion > meta_conversion > CONVERSION,1
USR_003018,meta_conversion > meta_conversion > whatsapp_trigger > DROP_OFF,0
USR_003019,meta_conversion > CONVERSION,1
USR_003020,meta_awareness > whatsapp_trigger > CONVERSION,1
USR_003021,meta_conversion > DROP_OFF,0
USR_003022,meta_awareness > whatsapp_trigger > CONVERSION,1
USR_003023,meta_awareness > whatsapp_trigger > CONVERSION,1
USR_003024,meta_awareness > DROP_OFF,0
USR_003025,meta_awareness > DROP_OFF,0
USR_003026,meta_awareness > meta_conversion > CONVERSION,1
USR_003027,meta_awareness > meta_conversion > DROP_OFF,0
USR_003028,meta_conversion > CONVERSION,1
USR_003029,meta_conversion > CONVERSION,1
USR_003030,meta_awareness > whatsapp_trigger > CONVERSION,1
USR_003031,meta_conversion > CONVERSION,1
USR_003032,meta_conversion > whatsapp_trigger > DROP_OFF,0
USR_003033,meta_awareness > meta_conversion > CONVERSION,1
USR_003034,meta_conversion > DROP_OFF,0
USR_003035,meta_conversion > CONVERSION,1
USR_003036,meta_awareness > whatsapp_trigger > CONVERSION,1
USR_003037,whatsapp_trigger > CONVERSION,1
USR_003038,meta_awareness > DROP_OFF,0
USR_003039,meta_awareness > DROP_OFF,0
USR_003040,meta_awareness > meta_conversion > CONVERSION,1
USR_003041,meta_awareness > meta_conversion > whatsapp_trigger > CONVERSION,1
USR_003042,meta_awareness > meta_conversion > CONVERSION,1
USR_003043,meta_awareness > DROP_OFF,0
USR_003044,meta_awareness > meta_awareness > meta_conversion > CONVERSION,1
USR_003045,meta_awareness > DROP_OFF,0
USR_003046,meta_conversion > whatsapp_trigger > meta_awareness > DROP_OFF,0
USR_003047,meta_awareness > meta_awareness > whatsapp_trigger > CONVERSION,1
USR_003048,meta_awareness > meta_conversion > meta_conversion > meta_conversion > CONVERSION,1
USR_003049,meta_awareness > DROP_OFF,0
USR_003050,meta_conversion > CONVERSION,1
USR_003051,meta_conversion > CONVERSION,1
USR_003052,meta_conversion > whatsapp_trigger > DROP_OFF,0
USR_003053,meta_awareness > meta_conversion > DROP_OFF,0
USR_003054,meta_conversion > DROP_OFF,0
USR_003055,meta_awareness > meta_awareness > meta_conversion > whatsapp_trigger > CONVERSION,1
USR_003056,meta_awareness > DROP_OFF,0
USR_003057,meta_conversion > CONVERSION,1
USR_003058,meta_awareness > meta_conversion > whatsapp_trigger > CONVERSION,1
USR_003059,meta_conversion > DROP_OFF,0
USR_003060,meta_conversion > whatsapp_trigger > CONVERSION,1
USR_003061,meta_conversion > DROP_OFF,0
USR_003062,meta_awareness > DROP_OFF,0
USR_003063,meta_conversion > DROP_OFF,0
USR_003064,meta_awareness > meta_conversion > CONVERSION,1
USR_003065,whatsapp_trigger > CONVERSION,1
USR_003066,meta_awareness > meta_conversion > DROP_OFF,0
USR_003067,meta_awareness > meta_conversion > CONVERSION,1
USR_003068,meta_conversion > whatsapp_trigger > CONVERSION,1
USR_003069,meta_awareness > DROP_OFF,0
USR_003070,whatsapp_trigger > CONVERSION,1
USR_003071,meta_awareness > whatsapp_trigger > meta_awareness > meta_awareness > meta_awareness > DROP_OFF,0
USR_003072,meta_awareness > meta_conversion > DROP_OFF,0
USR_003073,meta_awareness > DROP_OFF,0
USR_003074,meta_awareness > meta_conversion > CONVERSION,1
USR_003075,meta_awareness > meta_awareness > meta_conversion > DROP_OFF,0
USR_003076,meta_awareness > meta_conversion > DROP_OFF,0
USR_003077,whatsapp_trigger > CONVERSION,1
USR_003078,meta_awareness > meta_conversion > whatsapp_trigger > DROP_OFF,0
USR_003079,meta_conversion > meta_conversion > CONVERSION,1
USR_003080,meta_awareness > meta_conversion > whatsapp_trigger > CONVERSION,1
USR_003081,meta_awareness > meta_conversion > DROP_OFF,0
USR_003082,meta_conversion > CONVERSION,1
USR_003083,meta_awareness > meta_conversion > meta_conversion > CONVERSION,1
USR_003084,meta_awareness > meta_conversion > CONVERSION,1
USR_003085,whatsapp_trigger > CONVERSION,1
USR_003086,meta_awareness > meta_conversion > CONVERSION,1
USR_003087,meta_awareness > meta_conversion > whatsapp_trigger > CONVERSION,1
USR_003088,meta_awareness > meta_conversion > whatsapp_trigger > whatsapp_trigger > DROP_OFF,0
USR_003089,meta_awareness > meta_conversion > CONVERSION,1
USR_003090,meta_awareness > DROP_OFF,0
USR_003091,meta_awareness > meta_conversion > whatsapp_trigger > CONVERSION,1
USR_003092,meta_awareness > meta_conversion > whatsapp_trigger > CONVERSION,1
USR_003093,meta_awareness > meta_conversion > CONVERSION,1
USR_003094,meta_awareness > whatsapp_trigger > CONVERSION,1
USR_003095,meta_awareness > whatsapp_trigger > CONVERSION,1
USR_003096,meta_conversion > CONVERSION,1
USR_003097,meta_awareness > meta_conversion > whatsapp_trigger > CONVERSION,1
USR_003098,meta_awareness > DROP_OFF,0
USR_003099,meta_conversion > CONVERSION,1
USR_003100,meta_awareness > meta_conversion > DROP_OFF,0
USR_003101,meta_awareness > meta_awareness > whatsapp_trigger > DROP_OFF,0
USR_003102,meta_awareness > whatsapp_trigger > CONVERSION,1
USR_003103,meta_awareness > meta_awareness > meta_conversion > CONVERSION,1
USR_003104,meta_conversion > meta_conversion > whatsapp_trigger > CONVERSION,1
USR_003105,whatsapp_trigger > CONVERSION,1
USR_003106,meta_awareness > meta_conversion > DROP_OFF,0
USR_003107,meta_conversion > meta_conversion > meta_conversion > meta_conversion > CONVERSION,1
USR_003108,meta_awareness > meta_conversion > CONVERSION,1
USR_003109,meta_awareness > DROP_OFF,0
USR_003110,meta_awareness > whatsapp_trigger > DROP_OFF,0
USR_003111,meta_awareness > meta_awareness > meta_awareness > whatsapp_trigger > CONVERSION,1
USR_003112,meta_awareness > meta_conversion > DROP_OFF,0
USR_003113,meta_awareness > meta_conversion > DROP_OFF,0
USR_003114,meta_awareness > meta_conversion > CONVERSION,1
USR_003115,meta_awareness > whatsapp_trigger > CONVERSION,1
USR_003116,meta_awareness > whatsapp_trigger > DROP_OFF,0
USR_003117,meta_awareness > whatsapp_trigger > CONVERSION,1
USR_003118,meta_conversion > DROP_OFF,0
USR_003119,meta_conversion > DROP_OFF,0
USR_003120,meta_awareness > meta_conversion > CONVERSION,1
USR_003121,meta_awareness > meta_conversion > CONVERSION,1
USR_003122,meta_awareness > DROP_OFF,0
USR_003123,whatsapp_trigger > CONVERSION,1
USR_003124,meta_awareness > whatsapp_trigger > CONVERSION,1
USR_003125,meta_awareness > whatsapp_trigger > DROP_OFF,0
USR_003126,meta_awareness > meta_conversion > CONVERSION,1
USR_003127,whatsapp_trigger > CONVERSION,1
USR_003128,whatsapp_trigger > CONVERSION,1
USR_003129,whatsapp_trigger > meta_awareness > meta_conversion > DROP_OFF,0
USR_003130,meta_awareness > whatsapp_trigger > CONVERSION,1
USR_003131,meta_awareness > meta_conversion > CONVERSION,1
USR_003132,meta_awareness > meta_conversion > whatsapp_trigger > whatsapp_trigger > CONVERSION,1
USR_003133,meta_awareness > whatsapp_trigger > CONVERSION,1
USR_003134,meta_awareness > meta_awareness > meta_conversion > whatsapp_trigger > CONVERSION,1
USR_003135,meta_conversion > DROP_OFF,0
USR_003136,meta_awareness > meta_awareness > whatsapp_trigger > DROP_OFF,0
USR_003137,meta_awareness > whatsapp_trigger > CONVERSION,1
USR_003138,meta_awareness > meta_conversion > CONVERSION,1
USR_003139,meta_conversion > CONVERSION,1
USR_003140,meta_awareness > DROP_OFF,0
USR_003141,meta_conversion > whatsapp_trigger > CONVERSION,1
USR_003142,meta_conversion > CONVERSION,1
USR_003143,meta_conversion > CONVERSION,1
USR_003144,meta_awareness > meta_awareness > DROP_OFF,0
USR_003145,meta_conversion > DROP_OFF,0
USR_003146,meta_awareness > meta_awareness > meta_awareness > meta_conversion > CONVERSION,1
USR_003147,whatsapp_trigger > CONVERSION,1
USR_003148,whatsapp_trigger > CONVERSION,1
USR_003149,meta_conversion > DROP_OFF,0
USR_003150,meta_conversion > whatsapp_trigger > DROP_OFF,0
USR_003151,meta_awareness > DROP_OFF,0
USR_003152,meta_awareness > meta_awareness > meta_conversion > whatsapp_trigger > CONVERSION,1
USR_003153,meta_awareness > meta_conversion > whatsapp_trigger > CONVERSION,1
USR_003154,meta_conversion > whatsapp_trigger > CONVERSION,1
USR_003155,meta_awareness > meta_conversion > CONVERSION,1
USR_003156,meta_awareness > whatsapp_trigger > CONVERSION,1
USR_003157,meta_awareness > meta_conversion > meta_conversion > whatsapp_trigger > CONVERSION,1
USR_003158,meta_awareness > meta_conversion > DROP_OFF,0
USR_003159,meta_awareness > meta_awareness > meta_awareness > meta_conversion > CONVERSION,1
USR_003160,meta_awareness > DROP_OFF,0
USR_003161,meta_conversion > DROP_OFF,0
USR_003162,whatsapp_trigger > CONVERSION,1
USR_003163,meta_conversion > CONVERSION,1
USR_003164,whatsapp_trigger > CONVERSION,1
USR_003165,meta_awareness > meta_awareness > meta_conversion > DROP_OFF,0
USR_003166,meta_awareness > DROP_OFF,0
USR_003167,meta_conversion > CONVERSION,1
USR_003168,meta_awareness > meta_conversion > CONVERSION,1
USR_003169,meta_conversion > whatsapp_trigger > DROP_OFF,0
USR_003170,meta_awareness > whatsapp_trigger > CONVERSION,1
USR_003171,meta_awareness > meta_conversion > CONVERSION,1
USR_003172,meta_conversion > meta_conversion > DROP_OFF,0
USR_003173,whatsapp_trigger > CONVERSION,1
USR_003174,meta_conversion > meta_conversion > whatsapp_trigger > CONVERSION,1
USR_003175,meta_awareness > meta_conversion > CONVERSION,1
USR_003176,meta_awareness > meta_conversion > whatsapp_trigger > CONVERSION,1
USR_003177,meta_conversion > whatsapp_trigger > CONVERSION,1
USR_003178,whatsapp_trigger > CONVERSION,1
USR_003179,meta_awareness > meta_conversion > whatsapp_trigger > meta_awareness > meta_conversion > DROP_OFF,0
USR_003180,meta_conversion > CONVERSION,1
USR_003181,meta_awareness > meta_conversion > CONVERSION,1
USR_003182,meta_awareness > meta_conversion > whatsapp_trigger > CONVERSION,1
USR_003183,meta_conversion > whatsapp_trigger > whatsapp_trigger > whatsapp_trigger > CONVERSION,1
USR_003184,meta_conversion > meta_conversion > whatsapp_trigger > whatsapp_trigger > CONVERSION,1
USR_003185,meta_awareness > whatsapp_trigger > DROP_OFF,0
USR_003186,meta_awareness > whatsapp_trigger > CONVERSION,1
USR_003187,meta_awareness > meta_conversion > whatsapp_trigger > DROP_OFF,0
USR_003188,meta_awareness > meta_conversion > whatsapp_trigger > meta_awareness > DROP_OFF,0
USR_003189,meta_conversion > whatsapp_trigger > whatsapp_trigger > DROP_OFF,0
USR_003190,meta_awareness > meta_conversion > CONVERSION,1
USR_003191,meta_awareness > DROP_OFF,0
USR_003192,meta_awareness > meta_awareness > meta_conversion > DROP_OFF,0
USR_003193,meta_conversion > CONVERSION,1
USR_003194,meta_conversion > whatsapp_trigger > DROP_OFF,0
USR_003195,meta_conversion > whatsapp_trigger > meta_awareness > whatsapp_trigger > CONVERSION,1
USR_003196,meta_awareness > meta_conversion > DROP_OFF,0
USR_003197,meta_awareness > meta_conversion > DROP_OFF,0
USR_003198,meta_awareness > DROP_OFF,0
USR_003199,meta_conversion > DROP_OFF,0
USR_003200,whatsapp_trigger > DROP_OFF,0
USR_003201,meta_awareness > meta_conversion > CONVERSION,1
USR_003202,meta_awareness > whatsapp_trigger > CONVERSION,1
USR_003203,meta_awareness > whatsapp_trigger > CONVERSION,1
USR_003204,meta_awareness > meta_conversion > DROP_OFF,0
USR_003205,whatsapp_trigger > CONVERSION,1
USR_003206,meta_conversion > DROP_OFF,0
USR_003207,meta_awareness > meta_awareness > meta_awareness > DROP_OFF,0
USR_003208,meta_awareness > meta_conversion > CONVERSION,1
USR_003209,meta_awareness > DROP_OFF,0
USR_003210,meta_conversion > whatsapp_trigger > DROP_OFF,0
USR_003211,meta_awareness > meta_conversion > whatsapp_trigger > CONVERSION,1
USR_003212,meta_awareness > meta_conversion > DROP_OFF,0
USR_003213,whatsapp_trigger > CONVERSION,1
USR_003214,meta_awareness > meta_conversion > whatsapp_trigger > whatsapp_trigger > CONVERSION,1
USR_003215,meta_conversion > CONVERSION,1
USR_003216,whatsapp_trigger > meta_awareness > meta_conversion > whatsapp_trigger > whatsapp_trigger > meta_awareness > whatsapp_trigger > CONVERSION,1
USR_003217,meta_awareness > DROP_OFF,0
USR_003218,whatsapp_trigger > meta_awareness > meta_conversion > whatsapp_trigger > meta_awareness > whatsapp_trigger > meta_awareness > DROP_OFF,0
USR_003219,meta_awareness > meta_conversion > CONVERSION,1
USR_003220,meta_conversion > meta_conversion > DROP_OFF,0
USR_003221,whatsapp_trigger > CONVERSION,1
USR_003222,meta_conversion > whatsapp_trigger > CONVERSION,1
USR_003223,meta_awareness > meta_awareness > meta_conversion > whatsapp_trigger > CONVERSION,1
USR_003224,meta_awareness > meta_conversion > DROP_OFF,0
USR_003225,meta_conversion > whatsapp_trigger > CONVERSION,1
USR_003226,meta_conversion > CONVERSION,1
USR_003227,meta_awareness > meta_awareness > meta_conversion > whatsapp_trigger > meta_awareness > whatsapp_trigger > CONVERSION,1
USR_003228,meta_awareness > whatsapp_trigger > DROP_OFF,0
USR_003229,whatsapp_trigger > whatsapp_trigger > CONVERSION,1
USR_003230,meta_awareness > DROP_OFF,0
USR_003231,meta_awareness > meta_conversion > whatsapp_trigger > CONVERSION,1
USR_003232,meta_conversion > CONVERSION,1
USR_003233,meta_awareness > meta_conversion > whatsapp_trigger > CONVERSION,1
USR_003234,meta_conversion > whatsapp_trigger > DROP_OFF,0
USR_003235,meta_conversion > meta_conversion > whatsapp_trigger > CONVERSION,1
USR_003236,meta_awareness > meta_conversion > CONVERSION,1
USR_003237,meta_awareness > meta_awareness > meta_conversion > CONVERSION,1
USR_003238,meta_awareness > DROP_OFF,0
USR_003239,meta_awareness > meta_conversion > CONVERSION,1
USR_003240,meta_conversion > DROP_OFF,0
USR_003241,meta_awareness > whatsapp_trigger > CONVERSION,1
USR_003242,meta_awareness > whatsapp_trigger > meta_awareness > DROP_OFF,0
USR_003243,meta_awareness > meta_conversion > CONVERSION,1
USR_003244,meta_awareness > meta_conversion > CONVERSION,1
USR_003245,meta_awareness > meta_conversion > meta_conversion > DROP_OFF,0
USR_003246,meta_conversion > whatsapp_trigger > meta_awareness > whatsapp_trigger > DROP_OFF,0
USR_003247,meta_awareness > meta_conversion > CONVERSION,1
USR_003248,meta_conversion > CONVERSION,1
USR_003249,meta_awareness > meta_conversion > CONVERSION,1
USR_003250,meta_awareness > whatsapp_trigger > CONVERSION,1
USR_003251,meta_awareness > whatsapp_trigger > meta_awareness > meta_conversion > meta_conversion > CONVERSION,1
USR_003252,meta_awareness > meta_awareness > meta_conversion > whatsapp_trigger > meta_awareness > whatsapp_trigger > DROP_OFF,0
USR_003253,meta_awareness > meta_conversion > CONVERSION,1
USR_003254,meta_conversion > DROP_OFF,0
USR_003255,meta_awareness > meta_conversion > whatsapp_trigger > CONVERSION,1
USR_003256,meta_conversion > CONVERSION,1
USR_003257,meta_awareness > DROP_OFF,0
USR_003258,meta_awareness > meta_conversion > DROP_OFF,0
USR_003259,meta_awareness > meta_conversion > whatsapp_trigger > CONVERSION,1
USR_003260,whatsapp_trigger > CONVERSION,1
USR_003261,whatsapp_trigger > whatsapp_trigger > CONVERSION,1
USR_003262,meta_awareness > whatsapp_trigger > DROP_OFF,0
USR_003263,meta_conversion > CONVERSION,1
USR_003264,meta_awareness > meta_conversion > whatsapp_trigger > whatsapp_trigger > CONVERSION,1
USR_003265,meta_awareness > DROP_OFF,0
USR_003266,meta_awareness > meta_conversion > DROP_OFF,0
USR_003267,meta_conversion > CONVERSION,1
USR_003268,meta_conversion > CONVERSION,1
USR_003269,whatsapp_trigger > CONVERSION,1
USR_003270,meta_awareness > meta_conversion > CONVERSION,1
USR_003271,meta_conversion > whatsapp_trigger > DROP_OFF,0
USR_003272,meta_awareness > whatsapp_trigger > CONVERSION,1
USR_003273,meta_awareness > meta_awareness > DROP_OFF,0
USR_003274,meta_conversion > CONVERSION,1
USR_003275,meta_awareness > meta_conversion > DROP_OFF,0
USR_003276,meta_conversion > whatsapp_trigger > CONVERSION,1
USR_003277,meta_awareness > DROP_OFF,0
USR_003278,meta_conversion > CONVERSION,1
USR_003279,meta_awareness > DROP_OFF,0
USR_003280,meta_conversion > CONVERSION,1
USR_003281,whatsapp_trigger > meta_awareness > DROP_OFF,0
USR_003282,meta_conversion > whatsapp_trigger > DROP_OFF,0
USR_003283,whatsapp_trigger > CONVERSION,1
USR_003284,meta_conversion > CONVERSION,1
USR_003285,meta_awareness > meta_awareness > DROP_OFF,0
USR_003286,whatsapp_trigger > CONVERSION,1
USR_003287,meta_awareness > meta_conversion > CONVERSION,1
USR_003288,meta_conversion > DROP_OFF,0
USR_003289,meta_awareness > meta_conversion > whatsapp_trigger > CONVERSION,1
USR_003290,meta_awareness > meta_awareness > meta_conversion > CONVERSION,1
USR_003291,meta_awareness > meta_awareness > meta_conversion > DROP_OFF,0
USR_003292,meta_awareness > DROP_OFF,0
USR_003293,meta_awareness > meta_conversion > CONVERSION,1
USR_003294,meta_conversion > CONVERSION,1
USR_003295,meta_awareness > DROP_OFF,0
USR_003296,meta_awareness > whatsapp_trigger > DROP_OFF,0
USR_003297,meta_awareness > meta_conversion > meta_conversion > whatsapp_trigger > DROP_OFF,0
USR_003298,meta_awareness > DROP_OFF,0
USR_003299,meta_awareness > DROP_OFF,0
USR_003300,meta_awareness > meta_conversion > CONVERSION,1
USR_003301,meta_awareness > DROP_OFF,0
USR_003302,whatsapp_trigger > whatsapp_trigger > CONVERSION,1
USR_003303,meta_awareness > meta_conversion > whatsapp_trigger > CONVERSION,1
USR_003304,meta_awareness > whatsapp_trigger > CONVERSION,1
USR_003305,meta_awareness > meta_conversion > DROP_OFF,0
USR_003306,meta_conversion > whatsapp_trigger > CONVERSION,1
USR_003307,meta_conversion > meta_conversion > CONVERSION,1
USR_003308,meta_awareness > whatsapp_trigger > DROP_OFF,0
USR_003309,meta_awareness > meta_awareness > DROP_OFF,0
USR_003310,meta_awareness > meta_awareness > DROP_OFF,0
USR_003311,meta_awareness > meta_conversion > meta_conversion > meta_conversion > whatsapp_trigger > DROP_OFF,0
USR_003312,meta_awareness > meta_conversion > CONVERSION,1
USR_003313,meta_conversion > DROP_OFF,0
USR_003314,meta_conversion > whatsapp_trigger > CONVERSION,1
USR_003315,meta_conversion > CONVERSION,1
USR_003316,meta_awareness > meta_conversion > CONVERSION,1
USR_003317,meta_conversion > CONVERSION,1
USR_003318,meta_awareness > meta_conversion > whatsapp_trigger > CONVERSION,1
USR_003319,whatsapp_trigger > meta_awareness > meta_awareness > meta_conversion > meta_conversion > CONVERSION,1
USR_003320,meta_awareness > meta_conversion > CONVERSION,1
USR_003321,meta_awareness > meta_conversion > DROP_OFF,0
USR_003322,meta_awareness > DROP_OFF,0
USR_003323,meta_awareness > meta_conversion > whatsapp_trigger > CONVERSION,1
USR_003324,meta_awareness > meta_conversion > whatsapp_trigger > CONVERSION,1
USR_003325,meta_awareness > whatsapp_trigger > whatsapp_trigger > DROP_OFF,0
USR_003326,meta_awareness > meta_conversion > CONVERSION,1
USR_003327,meta_awareness > meta_awareness > meta_conversion > CONVERSION,1
USR_003328,meta_awareness > meta_conversion > whatsapp_trigger > meta_awareness > whatsapp_trigger > CONVERSION,1
USR_003329,meta_awareness > whatsapp_trigger > CONVERSION,1
USR_003330,meta_awareness > DROP_OFF,0
USR_003331,meta_awareness > meta_conversion > whatsapp_trigger > CONVERSION,1
USR_003332,meta_conversion > meta_conversion > CONVERSION,1
USR_003333,meta_awareness > meta_conversion > CONVERSION,1
USR_003334,meta_awareness > meta_conversion > CONVERSION,1
USR_003335,meta_awareness > DROP_OFF,0
USR_003336,meta_conversion > whatsapp_trigger > CONVERSION,1
USR_003337,meta_conversion > whatsapp_trigger > whatsapp_trigger > CONVERSION,1
USR_003338,meta_conversion > whatsapp_trigger > CONVERSION,1
USR_003339,meta_awareness > whatsapp_trigger > meta_awareness > whatsapp_trigger > CONVERSION,1
USR_003340,meta_conversion > DROP_OFF,0
USR_003341,meta_conversion > CONVERSION,1
USR_003342,meta_awareness > DROP_OFF,0
USR_003343,meta_awareness > meta_conversion > CONVERSION,1
USR_003344,meta_awareness > meta_conversion > CONVERSION,1
USR_003345,meta_awareness > meta_conversion > DROP_OFF,0
USR_003346,meta_awareness > meta_conversion > whatsapp_trigger > DROP_OFF,0
USR_003347,meta_awareness > meta_awareness > meta_conversion > CONVERSION,1
USR_003348,meta_awareness > meta_conversion > DROP_OFF,0
USR_003349,meta_awareness > DROP_OFF,0
USR_003350,meta_awareness > meta_conversion > CONVERSION,1
USR_003351,meta_awareness > whatsapp_trigger > CONVERSION,1
USR_003352,meta_awareness > whatsapp_trigger > CONVERSION,1
USR_003353,meta_conversion > CONVERSION,1
USR_003354,meta_conversion > CONVERSION,1
USR_003355,meta_conversion > whatsapp_trigger > CONVERSION,1
USR_003356,meta_awareness > meta_conversion > CONVERSION,1
USR_003357,meta_awareness > whatsapp_trigger > meta_awareness > whatsapp_trigger > CONVERSION,1
USR_003358,meta_awareness > meta_awareness > whatsapp_trigger > DROP_OFF,0
USR_003359,meta_awareness > meta_conversion > DROP_OFF,0
USR_003360,meta_awareness > DROP_OFF,0
USR_003361,meta_awareness > whatsapp_trigger > CONVERSION,1
USR_003362,meta_awareness > meta_conversion > DROP_OFF,0
USR_003363,meta_conversion > whatsapp_trigger > meta_awareness > whatsapp_trigger > CONVERSION,1
USR_003364,meta_awareness > meta_conversion > DROP_OFF,0
USR_003365,meta_conversion > CONVERSION,1
USR_003366,meta_awareness > meta_conversion > meta_conversion > DROP_OFF,0
USR_003367,meta_conversion > CONVERSION,1
USR_003368,meta_awareness > whatsapp_trigger > CONVERSION,1
USR_003369,meta_awareness > DROP_OFF,0
USR_003370,meta_awareness > whatsapp_trigger > whatsapp_trigger > whatsapp_trigger > CONVERSION,1
USR_003371,meta_awareness > DROP_OFF,0
USR_003372,meta_awareness > meta_conversion > CONVERSION,1
USR_003373,meta_conversion > CONVERSION,1
USR_003374,meta_awareness > DROP_OFF,0
USR_003375,meta_awareness > meta_conversion > meta_conversion > meta_conversion > DROP_OFF,0
USR_003376,meta_awareness > meta_conversion > CONVERSION,1
USR_003377,meta_awareness > DROP_OFF,0
USR_003378,meta_awareness > meta_conversion > CONVERSION,1
USR_003379,meta_conversion > whatsapp_trigger > DROP_OFF,0
USR_003380,meta_awareness > meta_conversion > CONVERSION,1
USR_003381,meta_awareness > meta_conversion > meta_conversion > whatsapp_trigger > CONVERSION,1
USR_003382,meta_awareness > meta_conversion > CONVERSION,1
USR_003383,meta_conversion > whatsapp_trigger > DROP_OFF,0
USR_003384,meta_awareness > whatsapp_trigger > CONVERSION,1
USR_003385,meta_awareness > meta_conversion > DROP_OFF,0
USR_003386,whatsapp_trigger > CONVERSION,1
USR_003387,meta_conversion > CONVERSION,1
USR_003388,meta_awareness > meta_conversion > meta_conversion > CONVERSION,1
USR_003389,meta_awareness > whatsapp_trigger > CONVERSION,1
USR_003390,meta_awareness > DROP_OFF,0
USR_003391,meta_conversion > DROP_OFF,0
USR_003392,meta_conversion > meta_conversion > meta_conversion > whatsapp_trigger > DROP_OFF,0
USR_003393,meta_conversion > CONVERSION,1
USR_003394,whatsapp_trigger > CONVERSION,1
USR_003395,whatsapp_trigger > CONVERSION,1
USR_003396,meta_awareness > meta_conversion > whatsapp_trigger > CONVERSION,1
USR_003397,meta_conversion > DROP_OFF,0
USR_003398,meta_awareness > DROP_OFF,0
USR_003399,meta_awareness > meta_conversion > whatsapp_trigger > DROP_OFF,0
USR_003400,meta_awareness > meta_conversion > DROP_OFF,0
USR_003401,meta_awareness > whatsapp_trigger > CONVERSION,1
USR_003402,meta_awareness > meta_conversion > whatsapp_trigger > DROP_OFF,0
USR_003403,meta_awareness > meta_awareness > whatsapp_trigger > DROP_OFF,0
USR_003404,meta_conversion > whatsapp_trigger > meta_awareness > meta_conversion > CONVERSION,1
USR_003405,meta_awareness > meta_conversion > CONVERSION,1
USR_003406,whatsapp_trigger > CONVERSION,1
USR_003407,meta_awareness > DROP_OFF,0
USR_003408,meta_awareness > meta_conversion > whatsapp_trigger > meta_awareness > whatsapp_trigger > CONVERSION,1
USR_003409,whatsapp_trigger > CONVERSION,1
USR_003410,meta_awareness > meta_conversion > CONVERSION,1
USR_003411,meta_awareness > meta_conversion > CONVERSION,1
USR_003412,meta_conversion > DROP_OFF,0
USR_003413,meta_conversion > DROP_OFF,0
USR_003414,meta_awareness > meta_conversion > CONVERSION,1
USR_003415,meta_conversion > DROP_OFF,0
USR_003416,meta_awareness > meta_awareness > whatsapp_trigger > CONVERSION,1
USR_003417,meta_conversion > CONVERSION,1
USR_003418,meta_awareness > whatsapp_trigger > CONVERSION,1
USR_003419,meta_conversion > whatsapp_trigger > whatsapp_trigger > CONVERSION,1
USR_003420,meta_awareness > DROP_OFF,0
USR_003421,meta_conversion > CONVERSION,1
USR_003422,meta_awareness > whatsapp_trigger > CONVERSION,1
USR_003423,meta_awareness > meta_conversion > CONVERSION,1
USR_003424,meta_awareness > DROP_OFF,0
USR_003425,meta_conversion > whatsapp_trigger > CONVERSION,1
USR_003426,meta_awareness > whatsapp_trigger > DROP_OFF,0
USR_003427,whatsapp_trigger > CONVERSION,1
USR_003428,meta_conversion > CONVERSION,1
USR_003429,whatsapp_trigger > CONVERSION,1
USR_003430,meta_conversion > CONVERSION,1
USR_003431,meta_awareness > meta_conversion > whatsapp_trigger > DROP_OFF,0
USR_003432,meta_awareness > meta_conversion > whatsapp_trigger > DROP_OFF,0
USR_003433,meta_awareness > meta_conversion > whatsapp_trigger > whatsapp_trigger > CONVERSION,1
USR_003434,meta_conversion > meta_conversion > CONVERSION,1
USR_003435,meta_conversion > CONVERSION,1
USR_003436,whatsapp_trigger > CONVERSION,1
USR_003437,meta_awareness > whatsapp_trigger > whatsapp_trigger > CONVERSION,1
USR_003438,meta_awareness > meta_conversion > whatsapp_trigger > CONVERSION,1
USR_003439,meta_conversion > CONVERSION,1
USR_003440,meta_conversion > whatsapp_trigger > CONVERSION,1
USR_003441,meta_awareness > meta_conversion > whatsapp_trigger > whatsapp_trigger > CONVERSION,1
USR_003442,meta_awareness > whatsapp_trigger > whatsapp_trigger > CONVERSION,1
USR_003443,meta_awareness > meta_conversion > DROP_OFF,0
USR_003444,meta_conversion > whatsapp_trigger > CONVERSION,1
USR_003445,meta_conversion > CONVERSION,1
USR_003446,meta_awareness > whatsapp_trigger > CONVERSION,1
USR_003447,meta_conversion > CONVERSION,1
USR_003448,whatsapp_trigger > whatsapp_trigger > CONVERSION,1
USR_003449,meta_conversion > CONVERSION,1
USR_003450,meta_awareness > meta_awareness > meta_conversion > CONVERSION,1
USR_003451,meta_awareness > meta_conversion > meta_conversion > CONVERSION,1
USR_003452,meta_awareness > meta_conversion > whatsapp_trigger > whatsapp_trigger > DROP_OFF,0
USR_003453,meta_awareness > meta_conversion > whatsapp_trigger > CONVERSION,1
USR_003454,meta_awareness > meta_conversion > whatsapp_trigger > DROP_OFF,0
USR_003455,whatsapp_trigger > CONVERSION,1
USR_003456,meta_awareness > meta_conversion > whatsapp_trigger > DROP_OFF,0
USR_003457,meta_conversion > DROP_OFF,0
USR_003458,meta_awareness > DROP_OFF,0
USR_003459,meta_conversion > CONVERSION,1
USR_003460,meta_awareness > meta_conversion > CONVERSION,1
USR_003461,meta_conversion > DROP_OFF,0
USR_003462,meta_awareness > meta_conversion > meta_conversion > CONVERSION,1
USR_003463,meta_awareness > meta_conversion > whatsapp_trigger > CONVERSION,1
USR_003464,meta_awareness > DROP_OFF,0
USR_003465,meta_awareness > whatsapp_trigger > DROP_OFF,0
USR_003466,meta_awareness > meta_conversion > CONVERSION,1
USR_003467,whatsapp_trigger > meta_awareness > meta_conversion > DROP_OFF,0
USR_003468,meta_awareness > meta_conversion > whatsapp_trigger > CONVERSION,1
USR_003469,meta_awareness > meta_conversion > CONVERSION,1
USR_003470,meta_conversion > whatsapp_trigger > whatsapp_trigger > CONVERSION,1
USR_003471,meta_awareness > whatsapp_trigger > CONVERSION,1
USR_003472,meta_awareness > DROP_OFF,0
USR_003473,meta_awareness > meta_conversion > whatsapp_trigger > DROP_OFF,0
USR_003474,meta_conversion > meta_conversion > DROP_OFF,0
USR_003475,meta_conversion > whatsapp_trigger > whatsapp_trigger > whatsapp_trigger > whatsapp_trigger > CONVERSION,1
USR_003476,meta_awareness > meta_conversion > DROP_OFF,0
USR_003477,meta_awareness > meta_conversion > whatsapp_trigger > CONVERSION,1
USR_003478,meta_awareness > meta_awareness > DROP_OFF,0
USR_003479,meta_awareness > meta_conversion > meta_conversion > meta_conversion > DROP_OFF,0
USR_003480,meta_awareness > meta_awareness > meta_awareness > meta_conversion > whatsapp_trigger > whatsapp_trigger > whatsapp_trigger > CONVERSION,1
USR_003481,meta_awareness > meta_conversion > CONVERSION,1
USR_003482,meta_awareness > meta_conversion > CONVERSION,1
USR_003483,meta_conversion > DROP_OFF,0
USR_003484,meta_awareness > whatsapp_trigger > CONVERSION,1
USR_003485,meta_awareness > meta_conversion > meta_conversion > CONVERSION,1
USR_003486,meta_awareness > meta_conversion > CONVERSION,1
USR_003487,meta_conversion > whatsapp_trigger > meta_awareness > meta_conversion > CONVERSION,1
USR_003488,meta_awareness > meta_conversion > DROP_OFF,0
USR_003489,meta_awareness > meta_conversion > CONVERSION,1
USR_003490,meta_awareness > meta_conversion > whatsapp_trigger > CONVERSION,1
USR_003491,meta_conversion > whatsapp_trigger > whatsapp_trigger > CONVERSION,1
USR_003492,meta_awareness > whatsapp_trigger > CONVERSION,1
USR_003493,meta_awareness > meta_conversion > CONVERSION,1
USR_003494,meta_conversion > whatsapp_trigger > DROP_OFF,0
USR_003495,meta_awareness > whatsapp_trigger > CONVERSION,1
USR_003496,meta_awareness > DROP_OFF,0
USR_003497,whatsapp_trigger > CONVERSION,1
USR_003498,meta_awareness > meta_conversion > whatsapp_trigger > CONVERSION,1
USR_003499,meta_conversion > whatsapp_trigger > CONVERSION,1
USR_003500,meta_conversion > whatsapp_trigger > whatsapp_trigger > DROP_OFF,0
USR_003501,meta_awareness > meta_conversion > DROP_OFF,0
USR_003502,meta_awareness > whatsapp_trigger > meta_awareness > meta_conversion > DROP_OFF,0
USR_003503,meta_awareness > meta_conversion > whatsapp_trigger > CONVERSION,1
USR_003504,meta_conversion > CONVERSION,1
USR_003505,meta_awareness > whatsapp_trigger > CONVERSION,1
USR_003506,meta_awareness > DROP_OFF,0
USR_003507,meta_awareness > whatsapp_trigger > CONVERSION,1
USR_003508,meta_awareness > whatsapp_trigger > CONVERSION,1
USR_003509,meta_conversion > CONVERSION,1
USR_003510,meta_conversion > CONVERSION,1
USR_003511,meta_conversion > CONVERSION,1
USR_003512,meta_awareness > whatsapp_trigger > meta_awareness > meta_conversion > DROP_OFF,0
USR_003513,meta_awareness > whatsapp_trigger > meta_awareness > meta_conversion > whatsapp_trigger > whatsapp_trigger > CONVERSION,1
USR_003514,meta_awareness > meta_awareness > meta_conversion > CONVERSION,1
USR_003515,meta_awareness > meta_conversion > CONVERSION,1
USR_003516,meta_conversion > DROP_OFF,0
USR_003517,meta_conversion > meta_conversion > CONVERSION,1
USR_003518,meta_conversion > whatsapp_trigger > DROP_OFF,0
USR_003519,whatsapp_trigger > CONVERSION,1
USR_003520,meta_awareness > whatsapp_trigger > meta_awareness > meta_conversion > DROP_OFF,0
USR_003521,meta_awareness > meta_awareness > DROP_OFF,0
USR_003522,meta_awareness > meta_conversion > CONVERSION,1
USR_003523,meta_awareness > DROP_OFF,0
USR_003524,meta_awareness > meta_conversion > whatsapp_trigger > CONVERSION,1
USR_003525,meta_awareness > whatsapp_trigger > DROP_OFF,0
USR_003526,meta_conversion > whatsapp_trigger > CONVERSION,1
USR_003527,meta_awareness > whatsapp_trigger > DROP_OFF,0
USR_003528,meta_awareness > meta_conversion > CONVERSION,1
USR_003529,whatsapp_trigger > meta_awareness > meta_conversion > whatsapp_trigger > CONVERSION,1
USR_003530,meta_awareness > whatsapp_trigger > meta_awareness > meta_conversion > whatsapp_trigger > CONVERSION,1
USR_003531,meta_awareness > meta_conversion > CONVERSION,1
USR_003532,meta_conversion > whatsapp_trigger > CONVERSION,1
USR_003533,meta_conversion > CONVERSION,1
USR_003534,meta_conversion > CONVERSION,1
USR_003535,meta_conversion > meta_conversion > meta_conversion > CONVERSION,1
USR_003536,meta_awareness > meta_conversion > CONVERSION,1
USR_003537,meta_awareness > meta_conversion > meta_conversion > CONVERSION,1
USR_003538,meta_awareness > DROP_OFF,0
USR_003539,meta_awareness > DROP_OFF,0
USR_003540,meta_awareness > meta_conversion > CONVERSION,1
USR_003541,whatsapp_trigger > CONVERSION,1
USR_003542,meta_awareness > DROP_OFF,0
USR_003543,meta_awareness > whatsapp_trigger > CONVERSION,1
USR_003544,meta_awareness > meta_conversion > meta_conversion > whatsapp_trigger > CONVERSION,1
USR_003545,meta_awareness > meta_conversion > CONVERSION,1
USR_003546,meta_conversion > CONVERSION,1
USR_003547,meta_awareness > DROP_OFF,0
USR_003548,whatsapp_trigger > CONVERSION,1
USR_003549,meta_awareness > meta_conversion > DROP_OFF,0
USR_003550,meta_awareness > meta_conversion > CONVERSION,1
USR_003551,meta_awareness > DROP_OFF,0
USR_003552,meta_awareness > meta_awareness > whatsapp_trigger > CONVERSION,1
USR_003553,meta_conversion > whatsapp_trigger > CONVERSION,1
USR_003554,whatsapp_trigger > meta_awareness > whatsapp_trigger > CONVERSION,1
USR_003555,meta_awareness > whatsapp_trigger > CONVERSION,1
USR_003556,meta_conversion > CONVERSION,1
USR_003557,whatsapp_trigger > whatsapp_trigger > CONVERSION,1
USR_003558,whatsapp_trigger > CONVERSION,1
USR_003559,meta_awareness > meta_awareness > meta_conversion > whatsapp_trigger > DROP_OFF,0
USR_003560,meta_awareness > whatsapp_trigger > meta_awareness > meta_conversion > whatsapp_trigger > CONVERSION,1
USR_003561,meta_conversion > CONVERSION,1
USR_003562,meta_awareness > meta_conversion > whatsapp_trigger > CONVERSION,1
USR_003563,meta_awareness > whatsapp_trigger > CONVERSION,1
USR_003564,meta_conversion > CONVERSION,1
USR_003565,meta_awareness > meta_conversion > CONVERSION,1
USR_003566,meta_conversion > meta_conversion > whatsapp_trigger > whatsapp_trigger > CONVERSION,1
USR_003567,meta_awareness > DROP_OFF,0
USR_003568,whatsapp_trigger > CONVERSION,1
USR_003569,meta_awareness > meta_conversion > CONVERSION,1
USR_003570,meta_conversion > whatsapp_trigger > DROP_OFF,0
USR_003571,meta_awareness > meta_conversion > DROP_OFF,0
USR_003572,whatsapp_trigger > CONVERSION,1
USR_003573,meta_conversion > whatsapp_trigger > meta_awareness > whatsapp_trigger > CONVERSION,1
USR_003574,meta_awareness > DROP_OFF,0
USR_003575,meta_awareness > DROP_OFF,0
USR_003576,meta_awareness > whatsapp_trigger > CONVERSION,1
USR_003577,meta_conversion > CONVERSION,1
USR_003578,meta_awareness > meta_conversion > meta_conversion > CONVERSION,1
USR_003579,meta_conversion > meta_conversion > meta_conversion > whatsapp_trigger > meta_awareness > meta_conversion > CONVERSION,1
USR_003580,meta_awareness > DROP_OFF,0
USR_003581,meta_awareness > meta_conversion > DROP_OFF,0
USR_003582,meta_conversion > CONVERSION,1
USR_003583,meta_awareness > whatsapp_trigger > whatsapp_trigger > whatsapp_trigger > CONVERSION,1
USR_003584,meta_awareness > meta_conversion > whatsapp_trigger > CONVERSION,1
USR_003585,meta_conversion > meta_conversion > CONVERSION,1
USR_003586,whatsapp_trigger > meta_awareness > whatsapp_trigger > CONVERSION,1
USR_003587,meta_conversion > whatsapp_trigger > CONVERSION,1
USR_003588,meta_conversion > DROP_OFF,0
USR_003589,meta_awareness > meta_awareness > DROP_OFF,0
USR_003590,meta_conversion > whatsapp_trigger > CONVERSION,1
USR_003591,meta_awareness > whatsapp_trigger > CONVERSION,1
USR_003592,meta_awareness > meta_conversion > CONVERSION,1
USR_003593,whatsapp_trigger > CONVERSION,1
USR_003594,meta_awareness > meta_conversion > whatsapp_trigger > CONVERSION,1
USR_003595,meta_awareness > DROP_OFF,0
USR_003596,whatsapp_trigger > CONVERSION,1
USR_003597,meta_awareness > whatsapp_trigger > CONVERSION,1
USR_003598,meta_awareness > meta_conversion > CONVERSION,1
USR_003599,meta_awareness > meta_awareness > meta_conversion > CONVERSION,1
USR_003600,meta_conversion > whatsapp_trigger > CONVERSION,1
USR_003601,meta_conversion > CONVERSION,1
USR_003602,meta_awareness > DROP_OFF,0
USR_003603,meta_conversion > whatsapp_trigger > DROP_OFF,0
USR_003604,meta_awareness > meta_conversion > whatsapp_trigger > CONVERSION,1
USR_003605,whatsapp_trigger > CONVERSION,1
USR_003606,whatsapp_trigger > CONVERSION,1
USR_003607,meta_awareness > meta_conversion > whatsapp_trigger > whatsapp_trigger > CONVERSION,1
USR_003608,meta_awareness > meta_conversion > CONVERSION,1
USR_003609,meta_awareness > whatsapp_trigger > CONVERSION,1
USR_003610,meta_awareness > meta_conversion > DROP_OFF,0
USR_003611,meta_awareness > meta_awareness > meta_conversion > meta_conversion > CONVERSION,1
USR_003612,meta_awareness > meta_conversion > CONVERSION,1
USR_003613,meta_conversion > whatsapp_trigger > CONVERSION,1
USR_003614,meta_conversion > CONVERSION,1
USR_003615,meta_awareness > whatsapp_trigger > CONVERSION,1
USR_003616,meta_conversion > CONVERSION,1
USR_003617,meta_awareness > meta_conversion > CONVERSION,1
USR_003618,meta_awareness > whatsapp_trigger > CONVERSION,1
USR_003619,meta_awareness > DROP_OFF,0
USR_003620,meta_conversion > CONVERSION,1
USR_003621,meta_conversion > CONVERSION,1
USR_003622,meta_awareness > meta_conversion > meta_conversion > DROP_OFF,0
USR_003623,meta_awareness > meta_conversion > whatsapp_trigger > DROP_OFF,0
USR_003624,meta_awareness > meta_conversion > CONVERSION,1
USR_003625,meta_awareness > meta_conversion > CONVERSION,1
USR_003626,meta_awareness > whatsapp_trigger > CONVERSION,1
USR_003627,meta_awareness > meta_conversion > CONVERSION,1
USR_003628,meta_awareness > whatsapp_trigger > CONVERSION,1
USR_003629,meta_awareness > DROP_OFF,0
USR_003630,meta_awareness > DROP_OFF,0
USR_003631,meta_awareness > meta_conversion > DROP_OFF,0
USR_003632,meta_awareness > meta_conversion > DROP_OFF,0
USR_003633,meta_conversion > whatsapp_trigger > CONVERSION,1
USR_003634,meta_awareness > meta_conversion > whatsapp_trigger > CONVERSION,1
USR_003635,meta_awareness > whatsapp_trigger > CONVERSION,1
USR_003636,meta_awareness > meta_conversion > CONVERSION,1
USR_003637,meta_awareness > DROP_OFF,0
USR_003638,meta_conversion > CONVERSION,1
USR_003639,meta_awareness > meta_conversion > whatsapp_trigger > DROP_OFF,0
USR_003640,meta_awareness > meta_conversion > CONVERSION,1
USR_003641,meta_conversion > DROP_OFF,0
USR_003642,meta_awareness > meta_awareness > meta_conversion > meta_conversion > meta_conversion > CONVERSION,1
USR_003643,meta_conversion > whatsapp_trigger > CONVERSION,1
USR_003644,meta_conversion > CONVERSION,1
USR_003645,meta_conversion > whatsapp_trigger > CONVERSION,1
USR_003646,meta_conversion > whatsapp_trigger > whatsapp_trigger > meta_awareness > DROP_OFF,0
USR_003647,meta_awareness > meta_conversion > DROP_OFF,0
USR_003648,meta_awareness > meta_conversion > whatsapp_trigger > CONVERSION,1
USR_003649,meta_awareness > whatsapp_trigger > CONVERSION,1
USR_003650,meta_awareness > meta_awareness > meta_conversion > DROP_OFF,0
USR_003651,meta_awareness > meta_awareness > DROP_OFF,0
USR_003652,meta_awareness > meta_conversion > whatsapp_trigger > DROP_OFF,0
USR_003653,meta_conversion > whatsapp_trigger > CONVERSION,1
USR_003654,meta_awareness > DROP_OFF,0
USR_003655,meta_awareness > DROP_OFF,0
USR_003656,meta_awareness > whatsapp_trigger > CONVERSION,1
USR_003657,meta_conversion > CONVERSION,1
USR_003658,meta_awareness > meta_conversion > CONVERSION,1
USR_003659,meta_awareness > meta_conversion > whatsapp_trigger > whatsapp_trigger > whatsapp_trigger > meta_awareness > whatsapp_trigger > whatsapp_trigger > meta_awareness > meta_awareness > meta_conversion > DROP_OFF,0
USR_003660,meta_conversion > whatsapp_trigger > CONVERSION,1
USR_003661,meta_awareness > meta_conversion > whatsapp_trigger > DROP_OFF,0
USR_003662,meta_awareness > meta_conversion > whatsapp_trigger > whatsapp_trigger > meta_awareness > DROP_OFF,0
USR_003663,meta_conversion > meta_conversion > CONVERSION,1
USR_003664,meta_awareness > meta_awareness > meta_conversion > CONVERSION,1
USR_003665,meta_awareness > meta_conversion > CONVERSION,1
USR_003666,meta_conversion > DROP_OFF,0
USR_003667,meta_awareness > meta_conversion > CONVERSION,1
USR_003668,meta_conversion > whatsapp_trigger > CONVERSION,1
USR_003669,whatsapp_trigger > CONVERSION,1
USR_003670,meta_awareness > whatsapp_trigger > CONVERSION,1
USR_003671,meta_awareness > meta_awareness > whatsapp_trigger > CONVERSION,1
USR_003672,meta_awareness > DROP_OFF,0
USR_003673,meta_conversion > whatsapp_trigger > CONVERSION,1
USR_003674,meta_conversion > DROP_OFF,0
USR_003675,meta_awareness > DROP_OFF,0
USR_003676,whatsapp_trigger > DROP_OFF,0
USR_003677,meta_awareness > meta_conversion > whatsapp_trigger > CONVERSION,1
USR_003678,meta_awareness > meta_conversion > CONVERSION,1
USR_003679,meta_awareness > meta_conversion > CONVERSION,1
USR_003680,meta_conversion > DROP_OFF,0
USR_003681,meta_awareness > meta_conversion > CONVERSION,1
USR_003682,meta_awareness > meta_conversion > whatsapp_trigger > DROP_OFF,0
USR_003683,meta_awareness > meta_conversion > meta_conversion > whatsapp_trigger > CONVERSION,1
USR_003684,meta_awareness > meta_conversion > CONVERSION,1
USR_003685,meta_awareness > meta_conversion > DROP_OFF,0
USR_003686,meta_conversion > meta_conversion > whatsapp_trigger > CONVERSION,1
USR_003687,meta_awareness > whatsapp_trigger > CONVERSION,1
USR_003688,meta_conversion > DROP_OFF,0
USR_003689,meta_conversion > CONVERSION,1
USR_003690,whatsapp_trigger > meta_awareness > whatsapp_trigger > whatsapp_trigger > DROP_OFF,0
USR_003691,whatsapp_trigger > CONVERSION,1
USR_003692,meta_conversion > CONVERSION,1
USR_003693,meta_awareness > DROP_OFF,0
USR_003694,meta_conversion > CONVERSION,1
USR_003695,meta_conversion > CONVERSION,1
USR_003696,whatsapp_trigger > CONVERSION,1
USR_003697,meta_conversion > CONVERSION,1
USR_003698,meta_awareness > meta_conversion > whatsapp_trigger > CONVERSION,1
USR_003699,meta_conversion > whatsapp_trigger > DROP_OFF,0
USR_003700,meta_conversion > CONVERSION,1
USR_003701,meta_conversion > DROP_OFF,0
USR_003702,meta_conversion > meta_conversion > CONVERSION,1
USR_003703,meta_awareness > meta_conversion > whatsapp_trigger > CONVERSION,1
USR_003704,meta_awareness > meta_conversion > meta_conversion > DROP_OFF,0
USR_003705,meta_conversion > DROP_OFF,0
USR_003706,meta_conversion > CONVERSION,1
USR_003707,meta_conversion > whatsapp_trigger > DROP_OFF,0
USR_003708,meta_conversion > DROP_OFF,0
USR_003709,meta_conversion > meta_conversion > CONVERSION,1
USR_003710,meta_awareness > whatsapp_trigger > whatsapp_trigger > CONVERSION,1
USR_003711,meta_awareness > DROP_OFF,0
USR_003712,meta_conversion > CONVERSION,1
USR_003713,meta_awareness > DROP_OFF,0
USR_003714,meta_awareness > meta_conversion > whatsapp_trigger > CONVERSION,1
USR_003715,meta_conversion > CONVERSION,1
USR_003716,meta_awareness > whatsapp_trigger > DROP_OFF,0
USR_003717,meta_awareness > whatsapp_trigger > CONVERSION,1
USR_003718,whatsapp_trigger > CONVERSION,1
USR_003719,meta_conversion > meta_conversion > CONVERSION,1
USR_003720,meta_awareness > meta_conversion > CONVERSION,1
USR_003721,meta_awareness > meta_conversion > DROP_OFF,0
USR_003722,meta_awareness > meta_awareness > meta_conversion > CONVERSION,1
USR_003723,meta_awareness > DROP_OFF,0
USR_003724,meta_awareness > whatsapp_trigger > meta_awareness > meta_conversion > DROP_OFF,0
USR_003725,meta_awareness > meta_conversion > whatsapp_trigger > meta_awareness > meta_conversion > CONVERSION,1
USR_003726,meta_awareness > meta_conversion > DROP_OFF,0
USR_003727,whatsapp_trigger > DROP_OFF,0
USR_003728,meta_awareness > DROP_OFF,0
USR_003729,meta_awareness > meta_conversion > whatsapp_trigger > CONVERSION,1
USR_003730,meta_conversion > meta_conversion > whatsapp_trigger > CONVERSION,1
USR_003731,meta_awareness > meta_conversion > DROP_OFF,0
USR_003732,meta_awareness > meta_awareness > meta_conversion > CONVERSION,1
USR_003733,meta_conversion > whatsapp_trigger > CONVERSION,1
USR_003734,meta_awareness > meta_conversion > whatsapp_trigger > DROP_OFF,0
USR_003735,meta_awareness > meta_conversion > CONVERSION,1
USR_003736,meta_conversion > CONVERSION,1
USR_003737,meta_awareness > meta_awareness > DROP_OFF,0
USR_003738,meta_conversion > CONVERSION,1
USR_003739,meta_awareness > DROP_OFF,0
USR_003740,meta_awareness > DROP_OFF,0
USR_003741,meta_awareness > meta_conversion > CONVERSION,1
USR_003742,meta_awareness > DROP_OFF,0
USR_003743,meta_awareness > meta_awareness > meta_conversion > whatsapp_trigger > CONVERSION,1
USR_003744,meta_awareness > DROP_OFF,0
USR_003745,meta_awareness > DROP_OFF,0
USR_003746,meta_awareness > meta_conversion > whatsapp_trigger > meta_awareness > meta_conversion > whatsapp_trigger > CONVERSION,1
USR_003747,meta_conversion > DROP_OFF,0
USR_003748,meta_conversion > DROP_OFF,0
USR_003749,meta_awareness > whatsapp_trigger > CONVERSION,1
USR_003750,meta_awareness > whatsapp_trigger > CONVERSION,1
USR_003751,meta_conversion > DROP_OFF,0
USR_003752,meta_awareness > meta_conversion > CONVERSION,1
USR_003753,meta_conversion > whatsapp_trigger > CONVERSION,1
USR_003754,meta_awareness > DROP_OFF,0
USR_003755,meta_awareness > meta_conversion > whatsapp_trigger > whatsapp_trigger > CONVERSION,1
USR_003756,meta_conversion > whatsapp_trigger > CONVERSION,1
USR_003757,meta_awareness > DROP_OFF,0
USR_003758,meta_awareness > meta_conversion > meta_conversion > whatsapp_trigger > CONVERSION,1
USR_003759,meta_awareness > whatsapp_trigger > DROP_OFF,0
USR_003760,meta_awareness > DROP_OFF,0
USR_003761,meta_conversion > CONVERSION,1
USR_003762,meta_awareness > DROP_OFF,0
USR_003763,whatsapp_trigger > DROP_OFF,0
USR_003764,meta_awareness > meta_conversion > meta_conversion > CONVERSION,1
USR_003765,meta_awareness > meta_conversion > CONVERSION,1
USR_003766,meta_awareness > DROP_OFF,0
USR_003767,meta_awareness > meta_conversion > CONVERSION,1
USR_003768,meta_awareness > meta_conversion > CONVERSION,1
USR_003769,meta_conversion > CONVERSION,1
USR_003770,meta_awareness > DROP_OFF,0
USR_003771,meta_awareness > DROP_OFF,0
USR_003772,meta_awareness > meta_awareness > meta_awareness > meta_awareness > whatsapp_trigger > DROP_OFF,0
USR_003773,meta_awareness > meta_conversion > whatsapp_trigger > CONVERSION,1
USR_003774,meta_conversion > whatsapp_trigger > CONVERSION,1
USR_003775,meta_awareness > meta_conversion > whatsapp_trigger > CONVERSION,1
USR_003776,meta_awareness > meta_awareness > meta_conversion > DROP_OFF,0
USR_003777,meta_awareness > whatsapp_trigger > meta_awareness > meta_conversion > whatsapp_trigger > CONVERSION,1
USR_003778,meta_conversion > CONVERSION,1
USR_003779,meta_awareness > meta_conversion > DROP_OFF,0
USR_003780,meta_awareness > whatsapp_trigger > DROP_OFF,0
USR_003781,meta_conversion > DROP_OFF,0
USR_003782,meta_awareness > meta_awareness > meta_conversion > whatsapp_trigger > DROP_OFF,0
USR_003783,meta_awareness > whatsapp_trigger > CONVERSION,1
USR_003784,meta_awareness > DROP_OFF,0
USR_003785,meta_awareness > whatsapp_trigger > CONVERSION,1
USR_003786,meta_awareness > meta_awareness > meta_conversion > whatsapp_trigger > CONVERSION,1
USR_003787,meta_awareness > meta_awareness > DROP_OFF,0
USR_003788,meta_conversion > CONVERSION,1
USR_003789,meta_awareness > meta_awareness > DROP_OFF,0
USR_003790,meta_awareness > meta_conversion > DROP_OFF,0
USR_003791,meta_awareness > meta_conversion > CONVERSION,1
USR_003792,meta_conversion > whatsapp_trigger > CONVERSION,1
USR_003793,meta_conversion > whatsapp_trigger > CONVERSION,1
USR_003794,whatsapp_trigger > CONVERSION,1
USR_003795,meta_conversion > whatsapp_trigger > CONVERSION,1
USR_003796,meta_awareness > meta_conversion > DROP_OFF,0
USR_003797,meta_awareness > whatsapp_trigger > CONVERSION,1
USR_003798,meta_awareness > DROP_OFF,0
USR_003799,meta_awareness > meta_awareness > whatsapp_trigger > DROP_OFF,0
USR_003800,whatsapp_trigger > meta_awareness > meta_conversion > CONVERSION,1
USR_003801,meta_conversion > DROP_OFF,0
USR_003802,meta_conversion > whatsapp_trigger > meta_awareness > meta_conversion > CONVERSION,1
USR_003803,whatsapp_trigger > CONVERSION,1
USR_003804,meta_awareness > meta_conversion > DROP_OFF,0
USR_003805,whatsapp_trigger > CONVERSION,1
USR_003806,whatsapp_trigger > CONVERSION,1
USR_003807,whatsapp_trigger > CONVERSION,1
USR_003808,meta_awareness > whatsapp_trigger > DROP_OFF,0
USR_003809,meta_conversion > CONVERSION,1
USR_003810,meta_awareness > whatsapp_trigger > DROP_OFF,0
USR_003811,meta_awareness > DROP_OFF,0
USR_003812,meta_awareness > whatsapp_trigger > CONVERSION,1
USR_003813,meta_awareness > DROP_OFF,0
USR_003814,whatsapp_trigger > meta_awareness > meta_conversion > whatsapp_trigger > DROP_OFF,0
USR_003815,meta_awareness > meta_conversion > whatsapp_trigger > DROP_OFF,0
USR_003816,meta_awareness > meta_conversion > whatsapp_trigger > DROP_OFF,0
USR_003817,meta_awareness > meta_conversion > CONVERSION,1
USR_003818,whatsapp_trigger > CONVERSION,1
USR_003819,meta_awareness > meta_conversion > whatsapp_trigger > DROP_OFF,0
USR_003820,whatsapp_trigger > CONVERSION,1
USR_003821,meta_conversion > whatsapp_trigger > meta_awareness > whatsapp_trigger > meta_awareness > DROP_OFF,0
USR_003822,meta_conversion > DROP_OFF,0
USR_003823,meta_awareness > meta_conversion > CONVERSION,1
USR_003824,meta_conversion > DROP_OFF,0
USR_003825,meta_conversion > CONVERSION,1
USR_003826,meta_awareness > meta_awareness > meta_conversion > whatsapp_trigger > CONVERSION,1
USR_003827,meta_awareness > meta_conversion > whatsapp_trigger > CONVERSION,1
USR_003828,meta_conversion > CONVERSION,1
USR_003829,meta_awareness > meta_conversion > whatsapp_trigger > CONVERSION,1
USR_003830,meta_awareness > whatsapp_trigger > DROP_OFF,0
USR_003831,meta_awareness > meta_conversion > CONVERSION,1
USR_003832,meta_awareness > DROP_OFF,0
USR_003833,meta_conversion > whatsapp_trigger > CONVERSION,1
USR_003834,meta_awareness > DROP_OFF,0
USR_003835,meta_awareness > meta_conversion > CONVERSION,1
USR_003836,meta_awareness > DROP_OFF,0
USR_003837,meta_awareness > meta_conversion > CONVERSION,1
USR_003838,meta_conversion > DROP_OFF,0
USR_003839,meta_awareness > DROP_OFF,0
USR_003840,meta_conversion > whatsapp_trigger > whatsapp_trigger > CONVERSION,1
USR_003841,meta_conversion > CONVERSION,1
USR_003842,meta_awareness > meta_conversion > CONVERSION,1
USR_003843,meta_awareness > DROP_OFF,0
USR_003844,meta_awareness > meta_awareness > meta_conversion > DROP_OFF,0
USR_003845,meta_conversion > whatsapp_trigger > CONVERSION,1
USR_003846,meta_awareness > meta_conversion > CONVERSION,1
USR_003847,meta_awareness > meta_conversion > DROP_OFF,0
USR_003848,meta_awareness > meta_conversion > meta_conversion > whatsapp_trigger > CONVERSION,1
USR_003849,meta_awareness > whatsapp_trigger > DROP_OFF,0
USR_003850,meta_awareness > whatsapp_trigger > CONVERSION,1
USR_003851,meta_conversion > DROP_OFF,0
USR_003852,meta_conversion > CONVERSION,1
USR_003853,meta_conversion > meta_conversion > CONVERSION,1
USR_003854,meta_awareness > meta_awareness > meta_conversion > DROP_OFF,0
USR_003855,meta_conversion > whatsapp_trigger > CONVERSION,1
USR_003856,meta_awareness > meta_conversion > whatsapp_trigger > whatsapp_trigger > CONVERSION,1
USR_003857,meta_awareness > DROP_OFF,0
USR_003858,meta_awareness > whatsapp_trigger > DROP_OFF,0
USR_003859,meta_conversion > CONVERSION,1
USR_003860,whatsapp_trigger > DROP_OFF,0
USR_003861,meta_awareness > meta_conversion > CONVERSION,1
USR_003862,meta_awareness > meta_conversion > meta_conversion > whatsapp_trigger > DROP_OFF,0
USR_003863,meta_awareness > whatsapp_trigger > DROP_OFF,0
USR_003864,meta_awareness > meta_conversion > DROP_OFF,0
USR_003865,meta_awareness > meta_conversion > DROP_OFF,0
USR_003866,meta_awareness > meta_awareness > meta_conversion > DROP_OFF,0
USR_003867,meta_awareness > whatsapp_trigger > CONVERSION,1
USR_003868,meta_awareness > meta_conversion > CONVERSION,1
USR_003869,meta_conversion > CONVERSION,1
USR_003870,meta_conversion > meta_conversion > CONVERSION,1
USR_003871,meta_awareness > DROP_OFF,0
USR_003872,whatsapp_trigger > CONVERSION,1
USR_003873,meta_awareness > meta_conversion > meta_conversion > CONVERSION,1
USR_003874,whatsapp_trigger > CONVERSION,1
USR_003875,meta_awareness > whatsapp_trigger > CONVERSION,1
USR_003876,meta_awareness > whatsapp_trigger > CONVERSION,1
USR_003877,meta_awareness > meta_conversion > CONVERSION,1
USR_003878,meta_conversion > CONVERSION,1
USR_003879,meta_conversion > CONVERSION,1
USR_003880,meta_conversion > CONVERSION,1
USR_003881,meta_conversion > CONVERSION,1
USR_003882,meta_conversion > CONVERSION,1
USR_003883,meta_awareness > meta_conversion > CONVERSION,1
USR_003884,meta_awareness > meta_conversion > CONVERSION,1
USR_003885,meta_awareness > meta_awareness > meta_awareness > DROP_OFF,0
USR_003886,meta_conversion > whatsapp_trigger > CONVERSION,1
USR_003887,meta_awareness > meta_conversion > whatsapp_trigger > CONVERSION,1
USR_003888,meta_conversion > DROP_OFF,0
USR_003889,meta_awareness > whatsapp_trigger > CONVERSION,1
USR_003890,meta_conversion > whatsapp_trigger > CONVERSION,1
USR_003891,meta_awareness > meta_conversion > DROP_OFF,0
USR_003892,meta_awareness > meta_awareness > meta_conversion > whatsapp_trigger > CONVERSION,1
USR_003893,meta_awareness > meta_conversion > CONVERSION,1
USR_003894,meta_awareness > whatsapp_trigger > DROP_OFF,0
USR_003895,whatsapp_trigger > DROP_OFF,0
USR_003896,meta_awareness > meta_conversion > whatsapp_trigger > CONVERSION,1
USR_003897,meta_awareness > meta_conversion > meta_conversion > whatsapp_trigger > CONVERSION,1
USR_003898,meta_conversion > CONVERSION,1
USR_003899,meta_awareness > meta_conversion > whatsapp_trigger > DROP_OFF,0
USR_003900,meta_awareness > meta_conversion > DROP_OFF,0
USR_003901,meta_awareness > DROP_OFF,0
USR_003902,meta_awareness > whatsapp_trigger > CONVERSION,1
USR_003903,meta_conversion > CONVERSION,1
USR_003904,meta_conversion > CONVERSION,1
USR_003905,meta_awareness > DROP_OFF,0
USR_003906,meta_awareness > meta_conversion > DROP_OFF,0
USR_003907,meta_awareness > meta_conversion > whatsapp_trigger > CONVERSION,1
USR_003908,meta_awareness > meta_conversion > meta_conversion > CONVERSION,1
USR_003909,meta_awareness > meta_conversion > CONVERSION,1
USR_003910,meta_conversion > whatsapp_trigger > CONVERSION,1
USR_003911,meta_awareness > meta_conversion > CONVERSION,1
USR_003912,meta_awareness > meta_conversion > CONVERSION,1
USR_003913,meta_awareness > meta_conversion > CONVERSION,1
USR_003914,meta_awareness > meta_conversion > CONVERSION,1
USR_003915,meta_awareness > meta_conversion > whatsapp_trigger > DROP_OFF,0
USR_003916,meta_awareness > meta_conversion > CONVERSION,1
USR_003917,meta_conversion > whatsapp_trigger > CONVERSION,1
USR_003918,meta_conversion > CONVERSION,1
USR_003919,meta_conversion > CONVERSION,1
USR_003920,meta_awareness > meta_conversion > whatsapp_trigger > CONVERSION,1
USR_003921,meta_conversion > CONVERSION,1
USR_003922,meta_awareness > meta_conversion > DROP_OFF,0
USR_003923,meta_awareness > meta_conversion > CONVERSION,1
USR_003924,meta_conversion > meta_conversion > DROP_OFF,0
USR_003925,meta_conversion > CONVERSION,1
USR_003926,meta_awareness > meta_conversion > DROP_OFF,0
USR_003927,meta_awareness > meta_conversion > DROP_OFF,0
USR_003928,meta_awareness > whatsapp_trigger > CONVERSION,1
USR_003929,whatsapp_trigger > whatsapp_trigger > CONVERSION,1
USR_003930,whatsapp_trigger > CONVERSION,1
USR_003931,meta_awareness > DROP_OFF,0
USR_003932,meta_awareness > meta_conversion > CONVERSION,1
USR_003933,meta_awareness > meta_conversion > whatsapp_trigger > CONVERSION,1
USR_003934,meta_awareness > DROP_OFF,0
USR_003935,meta_awareness > meta_conversion > CONVERSION,1
USR_003936,meta_awareness > whatsapp_trigger > whatsapp_trigger > DROP_OFF,0
USR_003937,meta_awareness > meta_conversion > CONVERSION,1
USR_003938,meta_conversion > CONVERSION,1
USR_003939,meta_conversion > meta_conversion > CONVERSION,1
USR_003940,meta_awareness > meta_awareness > meta_conversion > meta_conversion > CONVERSION,1
USR_003941,meta_awareness > meta_conversion > meta_conversion > DROP_OFF,0
USR_003942,meta_awareness > meta_awareness > meta_conversion > meta_conversion > CONVERSION,1
USR_003943,meta_conversion > CONVERSION,1
USR_003944,whatsapp_trigger > CONVERSION,1
USR_003945,meta_conversion > whatsapp_trigger > CONVERSION,1
USR_003946,meta_awareness > whatsapp_trigger > CONVERSION,1
USR_003947,meta_awareness > meta_conversion > whatsapp_trigger > CONVERSION,1
USR_003948,meta_awareness > whatsapp_trigger > CONVERSION,1
USR_003949,meta_conversion > CONVERSION,1
USR_003950,whatsapp_trigger > meta_awareness > meta_conversion > CONVERSION,1
USR_003951,meta_awareness > meta_conversion > meta_conversion > meta_conversion > CONVERSION,1
USR_003952,meta_conversion > meta_conversion > DROP_OFF,0
USR_003953,meta_conversion > whatsapp_trigger > meta_awareness > whatsapp_trigger > CONVERSION,1
USR_003954,meta_awareness > whatsapp_trigger > DROP_OFF,0
USR_003955,meta_awareness > DROP_OFF,0
USR_003956,meta_conversion > CONVERSION,1
USR_003957,meta_conversion > CONVERSION,1
USR_003958,meta_awareness > whatsapp_trigger > CONVERSION,1
USR_003959,meta_conversion > meta_conversion > DROP_OFF,0
USR_003960,meta_awareness > meta_conversion > whatsapp_trigger > CONVERSION,1
USR_003961,meta_awareness > meta_conversion > CONVERSION,1
USR_003962,meta_conversion > CONVERSION,1
USR_003963,meta_awareness > DROP_OFF,0
USR_003964,meta_awareness > meta_conversion > whatsapp_trigger > meta_awareness > meta_awareness > meta_conversion > meta_conversion > whatsapp_trigger > meta_awareness > DROP_OFF,0
USR_003965,meta_conversion > meta_conversion > CONVERSION,1
USR_003966,meta_awareness > whatsapp_trigger > CONVERSION,1
USR_003967,meta_awareness > meta_conversion > meta_conversion > CONVERSION,1
USR_003968,meta_awareness > whatsapp_trigger > CONVERSION,1
USR_003969,whatsapp_trigger > CONVERSION,1
USR_003970,meta_conversion > whatsapp_trigger > DROP_OFF,0
USR_003971,meta_awareness > whatsapp_trigger > DROP_OFF,0
USR_003972,whatsapp_trigger > meta_awareness > meta_conversion > CONVERSION,1
USR_003973,meta_conversion > CONVERSION,1
USR_003974,whatsapp_trigger > whatsapp_trigger > DROP_OFF,0
USR_003975,meta_conversion > CONVERSION,1
USR_003976,meta_awareness > meta_conversion > whatsapp_trigger > CONVERSION,1
USR_003977,meta_conversion > CONVERSION,1
USR_003978,meta_awareness > DROP_OFF,0
USR_003979,meta_awareness > DROP_OFF,0
USR_003980,meta_awareness > meta_conversion > DROP_OFF,0
USR_003981,meta_awareness > meta_conversion > CONVERSION,1
USR_003982,meta_awareness > meta_conversion > whatsapp_trigger > CONVERSION,1
USR_003983,meta_awareness > DROP_OFF,0
USR_003984,meta_awareness > DROP_OFF,0
USR_003985,meta_awareness > meta_conversion > CONVERSION,1
USR_003986,meta_awareness > meta_conversion > whatsapp_trigger > meta_awareness > meta_conversion > DROP_OFF,0
USR_003987,meta_awareness > whatsapp_trigger > DROP_OFF,0
USR_003988,meta_awareness > DROP_OFF,0
USR_003989,meta_awareness > meta_conversion > whatsapp_trigger > CONVERSION,1
USR_003990,whatsapp_trigger > CONVERSION,1
USR_003991,meta_awareness > meta_conversion > CONVERSION,1
USR_003992,meta_awareness > whatsapp_trigger > DROP_OFF,0
USR_003993,meta_conversion > CONVERSION,1
USR_003994,meta_awareness > whatsapp_trigger > CONVERSION,1
USR_003995,meta_awareness > meta_conversion > DROP_OFF,0
USR_003996,meta_conversion > CONVERSION,1
USR_003997,meta_awareness > whatsapp_trigger > whatsapp_trigger > DROP_OFF,0
USR_003998,meta_awareness > meta_conversion > whatsapp_trigger > DROP_OFF,0
USR_003999,meta_awareness > DROP_OFF,0
USR_004000,whatsapp_trigger > whatsapp_trigger > CONVERSION,1
USR_004001,meta_awareness > meta_conversion > CONVERSION,1
USR_004002,meta_awareness > whatsapp_trigger > CONVERSION,1
USR_004003,meta_conversion > whatsapp_trigger > meta_awareness > meta_conversion > DROP_OFF,0
USR_004004,meta_awareness > meta_conversion > CONVERSION,1
USR_004005,meta_awareness > whatsapp_trigger > CONVERSION,1
USR_004006,meta_awareness > whatsapp_trigger > CONVERSION,1
USR_004007,whatsapp_trigger > meta_awareness > DROP_OFF,0
USR_004008,meta_awareness > meta_conversion > whatsapp_trigger > CONVERSION,1
USR_004009,meta_awareness > DROP_OFF,0
USR_004010,meta_conversion > CONVERSION,1
USR_004011,meta_conversion > CONVERSION,1
USR_004012,meta_awareness > meta_conversion > DROP_OFF,0
USR_004013,meta_awareness > meta_conversion > whatsapp_trigger > whatsapp_trigger > CONVERSION,1
USR_004014,meta_awareness > whatsapp_trigger > CONVERSION,1
USR_004015,meta_awareness > meta_conversion > CONVERSION,1
USR_004016,meta_awareness > meta_conversion > whatsapp_trigger > CONVERSION,1
USR_004017,meta_awareness > meta_conversion > meta_conversion > whatsapp_trigger > DROP_OFF,0
USR_004018,meta_conversion > whatsapp_trigger > CONVERSION,1
USR_004019,meta_awareness > meta_conversion > CONVERSION,1
USR_004020,meta_awareness > meta_conversion > whatsapp_trigger > CONVERSION,1
USR_004021,meta_conversion > CONVERSION,1
USR_004022,meta_awareness > meta_conversion > whatsapp_trigger > CONVERSION,1
USR_004023,meta_conversion > whatsapp_trigger > CONVERSION,1
USR_004024,meta_awareness > meta_conversion > whatsapp_trigger > CONVERSION,1
USR_004025,meta_awareness > whatsapp_trigger > whatsapp_trigger > whatsapp_trigger > meta_awareness > DROP_OFF,0
USR_004026,whatsapp_trigger > meta_awareness > meta_awareness > meta_conversion > CONVERSION,1
USR_004027,meta_awareness > meta_awareness > meta_conversion > whatsapp_trigger > whatsapp_trigger > CONVERSION,1
USR_004028,meta_conversion > meta_conversion > whatsapp_trigger > CONVERSION,1
USR_004029,meta_conversion > CONVERSION,1
USR_004030,meta_conversion > whatsapp_trigger > meta_awareness > meta_conversion > whatsapp_trigger > CONVERSION,1
USR_004031,meta_awareness > meta_conversion > DROP_OFF,0
USR_004032,meta_conversion > CONVERSION,1
USR_004033,whatsapp_trigger > CONVERSION,1
USR_004034,meta_awareness > meta_conversion > whatsapp_trigger > DROP_OFF,0
USR_004035,meta_awareness > meta_awareness > meta_awareness > meta_awareness > meta_conversion > whatsapp_trigger > CONVERSION,1
USR_004036,meta_conversion > CONVERSION,1
USR_004037,meta_awareness > DROP_OFF,0
USR_004038,meta_conversion > CONVERSION,1
USR_004039,meta_awareness > meta_conversion > DROP_OFF,0
USR_004040,meta_awareness > meta_conversion > whatsapp_trigger > CONVERSION,1
USR_004041,meta_awareness > meta_conversion > CONVERSION,1
USR_004042,meta_awareness > DROP_OFF,0
USR_004043,meta_conversion > CONVERSION,1
USR_004044,meta_awareness > meta_conversion > whatsapp_trigger > DROP_OFF,0
USR_004045,meta_conversion > CONVERSION,1
USR_004046,meta_awareness > meta_conversion > CONVERSION,1
USR_004047,meta_awareness > meta_conversion > CONVERSION,1
USR_004048,meta_awareness > meta_conversion > CONVERSION,1
USR_004049,meta_awareness > DROP_OFF,0
USR_004050,meta_conversion > DROP_OFF,0
USR_004051,meta_awareness > meta_conversion > CONVERSION,1
USR_004052,meta_awareness > meta_conversion > meta_conversion > whatsapp_trigger > DROP_OFF,0
USR_004053,meta_awareness > meta_conversion > CONVERSION,1
USR_004054,meta_awareness > meta_awareness > meta_conversion > DROP_OFF,0
USR_004055,meta_awareness > meta_awareness > DROP_OFF,0
USR_004056,whatsapp_trigger > meta_awareness > meta_conversion > CONVERSION,1
USR_004057,meta_awareness > meta_awareness > whatsapp_trigger > whatsapp_trigger > CONVERSION,1
USR_004058,meta_awareness > meta_awareness > meta_awareness > meta_conversion > whatsapp_trigger > CONVERSION,1
USR_004059,whatsapp_trigger > whatsapp_trigger > whatsapp_trigger > CONVERSION,1
USR_004060,meta_awareness > whatsapp_trigger > DROP_OFF,0
USR_004061,whatsapp_trigger > meta_awareness > whatsapp_trigger > CONVERSION,1
USR_004062,meta_conversion > CONVERSION,1
USR_004063,meta_conversion > DROP_OFF,0
USR_004064,meta_awareness > whatsapp_trigger > CONVERSION,1
USR_004065,whatsapp_trigger > CONVERSION,1
USR_004066,meta_conversion > whatsapp_trigger > CONVERSION,1
USR_004067,meta_conversion > DROP_OFF,0
USR_004068,meta_awareness > meta_conversion > CONVERSION,1
USR_004069,meta_awareness > meta_conversion > whatsapp_trigger > meta_awareness > DROP_OFF,0
USR_004070,meta_conversion > whatsapp_trigger > CONVERSION,1
USR_004071,meta_awareness > meta_conversion > CONVERSION,1
USR_004072,meta_awareness > whatsapp_trigger > CONVERSION,1
USR_004073,meta_awareness > DROP_OFF,0
USR_004074,meta_conversion > meta_conversion > whatsapp_trigger > CONVERSION,1
USR_004075,meta_conversion > CONVERSION,1
USR_004076,meta_awareness > whatsapp_trigger > DROP_OFF,0
USR_004077,meta_awareness > meta_awareness > meta_conversion > CONVERSION,1
USR_004078,meta_awareness > DROP_OFF,0
USR_004079,meta_conversion > meta_conversion > CONVERSION,1
USR_004080,meta_awareness > meta_conversion > DROP_OFF,0
USR_004081,meta_awareness > meta_conversion > CONVERSION,1
USR_004082,whatsapp_trigger > CONVERSION,1
USR_004083,meta_conversion > CONVERSION,1
USR_004084,meta_conversion > CONVERSION,1
USR_004085,meta_awareness > DROP_OFF,0
USR_004086,whatsapp_trigger > DROP_OFF,0
USR_004087,meta_awareness > whatsapp_trigger > CONVERSION,1
USR_004088,meta_conversion > whatsapp_trigger > CONVERSION,1
USR_004089,meta_awareness > meta_conversion > CONVERSION,1
USR_004090,meta_awareness > whatsapp_trigger > CONVERSION,1
USR_004091,whatsapp_trigger > CONVERSION,1
USR_004092,meta_conversion > whatsapp_trigger > DROP_OFF,0
USR_004093,meta_conversion > CONVERSION,1
USR_004094,meta_awareness > DROP_OFF,0
USR_004095,meta_awareness > whatsapp_trigger > CONVERSION,1
USR_004096,meta_conversion > DROP_OFF,0
USR_004097,meta_conversion > DROP_OFF,0
USR_004098,meta_awareness > meta_conversion > DROP_OFF,0
USR_004099,meta_awareness > whatsapp_trigger > DROP_OFF,0
USR_004100,whatsapp_trigger > CONVERSION,1
USR_004101,meta_conversion > CONVERSION,1
USR_004102,meta_awareness > DROP_OFF,0
USR_004103,meta_awareness > meta_awareness > meta_conversion > CONVERSION,1
USR_004104,meta_awareness > meta_conversion > CONVERSION,1
USR_004105,meta_awareness > whatsapp_trigger > meta_awareness > meta_conversion > CONVERSION,1
USR_004106,meta_awareness > meta_conversion > CONVERSION,1
USR_004107,meta_awareness > whatsapp_trigger > CONVERSION,1
USR_004108,meta_conversion > CONVERSION,1
USR_004109,meta_awareness > whatsapp_trigger > DROP_OFF,0
USR_004110,meta_conversion > CONVERSION,1
USR_004111,meta_awareness > meta_conversion > whatsapp_trigger > CONVERSION,1
USR_004112,meta_conversion > DROP_OFF,0
USR_004113,whatsapp_trigger > whatsapp_trigger > CONVERSION,1
USR_004114,meta_awareness > whatsapp_trigger > CONVERSION,1
USR_004115,meta_awareness > DROP_OFF,0
USR_004116,meta_awareness > whatsapp_trigger > CONVERSION,1
USR_004117,meta_conversion > CONVERSION,1
USR_004118,meta_awareness > meta_conversion > whatsapp_trigger > CONVERSION,1
USR_004119,meta_awareness > meta_conversion > whatsapp_trigger > CONVERSION,1
USR_004120,meta_conversion > CONVERSION,1
USR_004121,meta_awareness > DROP_OFF,0
USR_004122,meta_awareness > meta_conversion > DROP_OFF,0
USR_004123,meta_awareness > meta_conversion > CONVERSION,1
USR_004124,meta_conversion > DROP_OFF,0
USR_004125,whatsapp_trigger > CONVERSION,1
USR_004126,meta_conversion > DROP_OFF,0
USR_004127,meta_awareness > meta_conversion > whatsapp_trigger > CONVERSION,1
USR_004128,meta_awareness > meta_conversion > CONVERSION,1
USR_004129,meta_awareness > meta_conversion > DROP_OFF,0
USR_004130,meta_awareness > meta_conversion > CONVERSION,1
USR_004131,meta_awareness > whatsapp_trigger > whatsapp_trigger > CONVERSION,1
USR_004132,meta_conversion > whatsapp_trigger > meta_awareness > meta_conversion > CONVERSION,1
USR_004133,meta_awareness > meta_conversion > meta_conversion > whatsapp_trigger > CONVERSION,1
USR_004134,meta_awareness > meta_conversion > CONVERSION,1
USR_004135,meta_conversion > whatsapp_trigger > CONVERSION,1
USR_004136,meta_awareness > meta_conversion > DROP_OFF,0
USR_004137,meta_conversion > meta_conversion > whatsapp_trigger > CONVERSION,1
USR_004138,whatsapp_trigger > CONVERSION,1
USR_004139,meta_awareness > meta_conversion > meta_conversion > whatsapp_trigger > DROP_OFF,0
USR_004140,meta_awareness > meta_conversion > DROP_OFF,0
USR_004141,meta_conversion > whatsapp_trigger > CONVERSION,1
USR_004142,meta_awareness > whatsapp_trigger > CONVERSION,1
USR_004143,meta_conversion > whatsapp_trigger > DROP_OFF,0
USR_004144,whatsapp_trigger > CONVERSION,1
USR_004145,meta_awareness > meta_conversion > whatsapp_trigger > CONVERSION,1
USR_004146,meta_conversion > CONVERSION,1
USR_004147,meta_awareness > meta_conversion > whatsapp_trigger > CONVERSION,1
USR_004148,meta_awareness > meta_conversion > DROP_OFF,0
USR_004149,meta_awareness > DROP_OFF,0
USR_004150,meta_conversion > CONVERSION,1
USR_004151,meta_conversion > whatsapp_trigger > DROP_OFF,0
USR_004152,meta_awareness > DROP_OFF,0
USR_004153,meta_awareness > meta_awareness > whatsapp_trigger > CONVERSION,1
USR_004154,meta_awareness > DROP_OFF,0
USR_004155,meta_awareness > meta_conversion > whatsapp_trigger > whatsapp_trigger > whatsapp_trigger > CONVERSION,1
USR_004156,meta_awareness > DROP_OFF,0
USR_004157,meta_awareness > whatsapp_trigger > CONVERSION,1
USR_004158,meta_awareness > meta_conversion > CONVERSION,1
USR_004159,meta_conversion > CONVERSION,1
USR_004160,meta_awareness > whatsapp_trigger > CONVERSION,1
USR_004161,meta_awareness > meta_conversion > meta_conversion > CONVERSION,1
USR_004162,meta_conversion > meta_conversion > CONVERSION,1
USR_004163,whatsapp_trigger > CONVERSION,1
USR_004164,meta_awareness > whatsapp_trigger > DROP_OFF,0
USR_004165,meta_awareness > DROP_OFF,0
USR_004166,meta_awareness > meta_conversion > CONVERSION,1
USR_004167,whatsapp_trigger > CONVERSION,1
USR_004168,meta_awareness > meta_conversion > whatsapp_trigger > CONVERSION,1
USR_004169,meta_awareness > whatsapp_trigger > CONVERSION,1
USR_004170,meta_awareness > meta_conversion > whatsapp_trigger > CONVERSION,1
USR_004171,meta_awareness > meta_conversion > CONVERSION,1
USR_004172,meta_conversion > whatsapp_trigger > DROP_OFF,0
USR_004173,meta_awareness > meta_conversion > CONVERSION,1
USR_004174,meta_awareness > whatsapp_trigger > CONVERSION,1
USR_004175,meta_awareness > whatsapp_trigger > CONVERSION,1
USR_004176,meta_awareness > meta_conversion > DROP_OFF,0
USR_004177,meta_awareness > whatsapp_trigger > meta_awareness > meta_conversion > DROP_OFF,0
USR_004178,whatsapp_trigger > DROP_OFF,0
USR_004179,meta_conversion > CONVERSION,1
USR_004180,meta_awareness > whatsapp_trigger > CONVERSION,1
USR_004181,meta_awareness > meta_awareness > DROP_OFF,0
USR_004182,meta_awareness > DROP_OFF,0
USR_004183,meta_awareness > whatsapp_trigger > CONVERSION,1
USR_004184,meta_awareness > whatsapp_trigger > CONVERSION,1
USR_004185,meta_awareness > DROP_OFF,0
USR_004186,meta_awareness > meta_awareness > meta_conversion > whatsapp_trigger > CONVERSION,1
USR_004187,meta_awareness > whatsapp_trigger > CONVERSION,1
USR_004188,meta_awareness > meta_conversion > CONVERSION,1
USR_004189,meta_awareness > DROP_OFF,0
USR_004190,meta_conversion > whatsapp_trigger > CONVERSION,1
USR_004191,meta_awareness > meta_conversion > whatsapp_trigger > CONVERSION,1
USR_004192,meta_awareness > meta_conversion > whatsapp_trigger > CONVERSION,1
USR_004193,meta_conversion > DROP_OFF,0
USR_004194,meta_awareness > meta_conversion > meta_conversion > DROP_OFF,0
USR_004195,meta_awareness > DROP_OFF,0
USR_004196,meta_awareness > meta_awareness > meta_conversion > whatsapp_trigger > whatsapp_trigger > DROP_OFF,0
USR_004197,meta_awareness > meta_awareness > meta_awareness > meta_awareness > whatsapp_trigger > DROP_OFF,0
USR_004198,meta_awareness > meta_conversion > CONVERSION,1
USR_004199,meta_awareness > meta_conversion > DROP_OFF,0
USR_004200,whatsapp_trigger > CONVERSION,1
USR_004201,meta_conversion > DROP_OFF,0
USR_004202,meta_conversion > meta_conversion > whatsapp_trigger > DROP_OFF,0
USR_004203,meta_awareness > meta_conversion > CONVERSION,1
USR_004204,meta_conversion > DROP_OFF,0
USR_004205,meta_awareness > DROP_OFF,0
USR_004206,meta_conversion > DROP_OFF,0
USR_004207,meta_conversion > DROP_OFF,0
USR_004208,whatsapp_trigger > CONVERSION,1
USR_004209,meta_conversion > DROP_OFF,0
USR_004210,meta_awareness > meta_conversion > whatsapp_trigger > CONVERSION,1
USR_004211,meta_awareness > whatsapp_trigger > CONVERSION,1
USR_004212,meta_awareness > whatsapp_trigger > CONVERSION,1
USR_004213,meta_conversion > DROP_OFF,0
USR_004214,meta_awareness > meta_conversion > CONVERSION,1
USR_004215,whatsapp_trigger > whatsapp_trigger > CONVERSION,1
USR_004216,meta_awareness > meta_conversion > CONVERSION,1
USR_004217,meta_awareness > DROP_OFF,0
USR_004218,meta_awareness > whatsapp_trigger > CONVERSION,1
USR_004219,meta_conversion > CONVERSION,1
USR_004220,meta_conversion > CONVERSION,1
USR_004221,meta_awareness > meta_conversion > whatsapp_trigger > CONVERSION,1
USR_004222,meta_awareness > DROP_OFF,0
USR_004223,meta_conversion > CONVERSION,1
USR_004224,meta_awareness > meta_awareness > meta_conversion > CONVERSION,1
USR_004225,whatsapp_trigger > meta_awareness > DROP_OFF,0
USR_004226,meta_awareness > whatsapp_trigger > CONVERSION,1
USR_004227,meta_awareness > DROP_OFF,0
USR_004228,meta_awareness > whatsapp_trigger > CONVERSION,1
USR_004229,meta_conversion > whatsapp_trigger > DROP_OFF,0
USR_004230,meta_conversion > whatsapp_trigger > CONVERSION,1
USR_004231,meta_awareness > meta_conversion > DROP_OFF,0
USR_004232,meta_conversion > CONVERSION,1
USR_004233,meta_conversion > whatsapp_trigger > DROP_OFF,0
USR_004234,whatsapp_trigger > CONVERSION,1
USR_004235,whatsapp_trigger > CONVERSION,1
USR_004236,meta_conversion > CONVERSION,1
USR_004237,meta_conversion > CONVERSION,1
USR_004238,meta_awareness > DROP_OFF,0
USR_004239,meta_awareness > DROP_OFF,0
USR_004240,whatsapp_trigger > whatsapp_trigger > DROP_OFF,0
USR_004241,meta_awareness > meta_conversion > whatsapp_trigger > DROP_OFF,0
USR_004242,meta_conversion > CONVERSION,1
USR_004243,meta_awareness > DROP_OFF,0
USR_004244,meta_awareness > whatsapp_trigger > CONVERSION,1
USR_004245,meta_conversion > CONVERSION,1
USR_004246,meta_conversion > whatsapp_trigger > whatsapp_trigger > CONVERSION,1
USR_004247,meta_conversion > DROP_OFF,0
USR_004248,meta_awareness > meta_awareness > meta_conversion > whatsapp_trigger > whatsapp_trigger > meta_awareness > DROP_OFF,0
USR_004249,meta_conversion > CONVERSION,1
USR_004250,meta_conversion > DROP_OFF,0
USR_004251,meta_conversion > CONVERSION,1
USR_004252,meta_awareness > whatsapp_trigger > CONVERSION,1
USR_004253,meta_awareness > meta_awareness > meta_conversion > whatsapp_trigger > CONVERSION,1
USR_004254,meta_awareness > whatsapp_trigger > CONVERSION,1
USR_004255,meta_awareness > DROP_OFF,0
USR_004256,meta_awareness > whatsapp_trigger > CONVERSION,1
USR_004257,meta_awareness > meta_conversion > CONVERSION,1
USR_004258,meta_conversion > CONVERSION,1
USR_004259,meta_conversion > DROP_OFF,0
USR_004260,meta_awareness > DROP_OFF,0
USR_004261,meta_awareness > meta_conversion > meta_conversion > CONVERSION,1
USR_004262,meta_conversion > meta_conversion > whatsapp_trigger > meta_awareness > meta_conversion > whatsapp_trigger > whatsapp_trigger > whatsapp_trigger > CONVERSION,1
USR_004263,meta_awareness > meta_conversion > meta_conversion > DROP_OFF,0
USR_004264,meta_awareness > DROP_OFF,0
USR_004265,meta_awareness > meta_awareness > meta_conversion > whatsapp_trigger > DROP_OFF,0
USR_004266,meta_awareness > DROP_OFF,0
USR_004267,meta_conversion > CONVERSION,1
USR_004268,meta_conversion > DROP_OFF,0
USR_004269,meta_awareness > DROP_OFF,0
USR_004270,meta_awareness > meta_conversion > whatsapp_trigger > DROP_OFF,0
USR_004271,meta_awareness > DROP_OFF,0
USR_004272,meta_conversion > CONVERSION,1
USR_004273,meta_awareness > meta_conversion > CONVERSION,1
USR_004274,meta_awareness > meta_conversion > DROP_OFF,0
USR_004275,meta_awareness > whatsapp_trigger > CONVERSION,1
USR_004276,meta_conversion > DROP_OFF,0
USR_004277,whatsapp_trigger > CONVERSION,1
USR_004278,meta_awareness > whatsapp_trigger > CONVERSION,1
USR_004279,meta_awareness > meta_conversion > whatsapp_trigger > DROP_OFF,0
USR_004280,meta_conversion > DROP_OFF,0
USR_004281,meta_conversion > CONVERSION,1
USR_004282,meta_conversion > whatsapp_trigger > CONVERSION,1
USR_004283,meta_awareness > meta_conversion > whatsapp_trigger > DROP_OFF,0
USR_004284,meta_awareness > meta_conversion > DROP_OFF,0
USR_004285,meta_conversion > CONVERSION,1
USR_004286,meta_awareness > DROP_OFF,0
USR_004287,meta_conversion > whatsapp_trigger > CONVERSION,1
USR_004288,meta_awareness > whatsapp_trigger > DROP_OFF,0
USR_004289,meta_conversion > CONVERSION,1
USR_004290,meta_awareness > meta_conversion > whatsapp_trigger > CONVERSION,1
USR_004291,meta_awareness > meta_conversion > CONVERSION,1
USR_004292,meta_conversion > whatsapp_trigger > DROP_OFF,0
USR_004293,meta_awareness > DROP_OFF,0
USR_004294,meta_awareness > meta_conversion > meta_conversion > whatsapp_trigger > whatsapp_trigger > CONVERSION,1
USR_004295,meta_awareness > meta_awareness > meta_conversion > DROP_OFF,0
USR_004296,meta_conversion > CONVERSION,1
USR_004297,meta_awareness > meta_conversion > CONVERSION,1
USR_004298,meta_awareness > meta_awareness > meta_conversion > DROP_OFF,0
USR_004299,meta_awareness > meta_conversion > whatsapp_trigger > CONVERSION,1
USR_004300,meta_awareness > DROP_OFF,0
USR_004301,meta_awareness > meta_awareness > meta_conversion > DROP_OFF,0
USR_004302,meta_awareness > DROP_OFF,0
USR_004303,meta_conversion > whatsapp_trigger > CONVERSION,1
USR_004304,meta_conversion > CONVERSION,1
USR_004305,whatsapp_trigger > CONVERSION,1
USR_004306,meta_awareness > DROP_OFF,0
USR_004307,meta_conversion > DROP_OFF,0
USR_004308,meta_awareness > meta_conversion > CONVERSION,1
USR_004309,meta_awareness > DROP_OFF,0
USR_004310,meta_awareness > whatsapp_trigger > CONVERSION,1
USR_004311,meta_awareness > meta_conversion > whatsapp_trigger > DROP_OFF,0
USR_004312,meta_awareness > meta_conversion > meta_conversion > whatsapp_trigger > meta_awareness > meta_awareness > DROP_OFF,0
USR_004313,meta_conversion > DROP_OFF,0
USR_004314,whatsapp_trigger > CONVERSION,1
USR_004315,meta_awareness > DROP_OFF,0
USR_004316,meta_awareness > whatsapp_trigger > CONVERSION,1
USR_004317,meta_conversion > DROP_OFF,0
USR_004318,meta_conversion > DROP_OFF,0
USR_004319,meta_conversion > whatsapp_trigger > CONVERSION,1
USR_004320,meta_awareness > DROP_OFF,0
USR_004321,meta_conversion > whatsapp_trigger > CONVERSION,1
USR_004322,meta_awareness > meta_conversion > DROP_OFF,0
USR_004323,meta_awareness > DROP_OFF,0
USR_004324,meta_awareness > meta_conversion > whatsapp_trigger > CONVERSION,1
USR_004325,meta_conversion > meta_conversion > DROP_OFF,0
USR_004326,meta_awareness > meta_conversion > whatsapp_trigger > meta_awareness > DROP_OFF,0
USR_004327,meta_conversion > DROP_OFF,0
USR_004328,meta_awareness > meta_awareness > meta_conversion > CONVERSION,1
USR_004329,whatsapp_trigger > whatsapp_trigger > CONVERSION,1
USR_004330,meta_awareness > meta_conversion > meta_conversion > whatsapp_trigger > CONVERSION,1
USR_004331,meta_awareness > meta_conversion > CONVERSION,1
USR_004332,meta_conversion > CONVERSION,1
USR_004333,meta_awareness > DROP_OFF,0
USR_004334,meta_awareness > meta_conversion > meta_conversion > whatsapp_trigger > CONVERSION,1
USR_004335,meta_conversion > whatsapp_trigger > CONVERSION,1
USR_004336,meta_awareness > meta_conversion > whatsapp_trigger > CONVERSION,1
USR_004337,meta_conversion > CONVERSION,1
USR_004338,meta_awareness > meta_conversion > CONVERSION,1
USR_004339,meta_conversion > DROP_OFF,0
USR_004340,meta_awareness > meta_conversion > CONVERSION,1
USR_004341,meta_conversion > whatsapp_trigger > CONVERSION,1
USR_004342,meta_awareness > meta_awareness > meta_conversion > CONVERSION,1
USR_004343,meta_awareness > meta_conversion > whatsapp_trigger > CONVERSION,1
USR_004344,meta_awareness > meta_conversion > CONVERSION,1
USR_004345,meta_awareness > whatsapp_trigger > DROP_OFF,0
USR_004346,meta_awareness > meta_conversion > CONVERSION,1
USR_004347,meta_conversion > meta_conversion > CONVERSION,1
USR_004348,meta_conversion > CONVERSION,1
USR_004349,meta_awareness > DROP_OFF,0
USR_004350,meta_awareness > DROP_OFF,0
USR_004351,meta_awareness > meta_conversion > DROP_OFF,0
USR_004352,meta_awareness > meta_conversion > whatsapp_trigger > CONVERSION,1
USR_004353,meta_awareness > whatsapp_trigger > CONVERSION,1
USR_004354,meta_awareness > meta_conversion > CONVERSION,1
USR_004355,meta_conversion > DROP_OFF,0
USR_004356,meta_conversion > CONVERSION,1
USR_004357,meta_awareness > DROP_OFF,0
USR_004358,whatsapp_trigger > CONVERSION,1
USR_004359,meta_conversion > CONVERSION,1
USR_004360,meta_awareness > whatsapp_trigger > CONVERSION,1
USR_004361,meta_awareness > meta_conversion > whatsapp_trigger > whatsapp_trigger > CONVERSION,1
USR_004362,meta_conversion > DROP_OFF,0
USR_004363,meta_conversion > whatsapp_trigger > CONVERSION,1
USR_004364,meta_awareness > meta_conversion > whatsapp_trigger > DROP_OFF,0
USR_004365,meta_conversion > whatsapp_trigger > meta_awareness > whatsapp_trigger > CONVERSION,1
USR_004366,whatsapp_trigger > DROP_OFF,0
USR_004367,meta_awareness > DROP_OFF,0
USR_004368,meta_conversion > whatsapp_trigger > meta_awareness > meta_conversion > DROP_OFF,0
USR_004369,whatsapp_trigger > CONVERSION,1
USR_004370,meta_awareness > DROP_OFF,0
USR_004371,meta_awareness > whatsapp_trigger > CONVERSION,1
USR_004372,meta_conversion > DROP_OFF,0
USR_004373,meta_conversion > CONVERSION,1
USR_004374,meta_awareness > meta_awareness > meta_conversion > CONVERSION,1
USR_004375,meta_awareness > meta_awareness > meta_conversion > CONVERSION,1
USR_004376,meta_conversion > DROP_OFF,0
USR_004377,meta_awareness > meta_conversion > DROP_OFF,0
USR_004378,meta_awareness > meta_conversion > whatsapp_trigger > meta_awareness > meta_conversion > whatsapp_trigger > CONVERSION,1
USR_004379,meta_awareness > whatsapp_trigger > DROP_OFF,0
USR_004380,meta_awareness > whatsapp_trigger > whatsapp_trigger > CONVERSION,1
USR_004381,meta_awareness > meta_awareness > meta_awareness > meta_conversion > CONVERSION,1
USR_004382,whatsapp_trigger > CONVERSION,1
USR_004383,whatsapp_trigger > CONVERSION,1
USR_004384,meta_awareness > whatsapp_trigger > DROP_OFF,0
USR_004385,meta_conversion > CONVERSION,1
USR_004386,meta_conversion > whatsapp_trigger > CONVERSION,1
USR_004387,meta_awareness > DROP_OFF,0
USR_004388,meta_conversion > CONVERSION,1
USR_004389,meta_awareness > meta_conversion > CONVERSION,1
USR_004390,meta_awareness > meta_awareness > meta_awareness > meta_conversion > CONVERSION,1
USR_004391,meta_conversion > CONVERSION,1
USR_004392,meta_awareness > meta_conversion > meta_conversion > whatsapp_trigger > meta_awareness > meta_conversion > CONVERSION,1
USR_004393,whatsapp_trigger > CONVERSION,1
USR_004394,meta_conversion > CONVERSION,1
USR_004395,meta_awareness > DROP_OFF,0
USR_004396,meta_awareness > DROP_OFF,0
USR_004397,meta_awareness > meta_awareness > meta_conversion > DROP_OFF,0
USR_004398,meta_awareness > meta_conversion > meta_conversion > whatsapp_trigger > CONVERSION,1
USR_004399,meta_awareness > whatsapp_trigger > CONVERSION,1
USR_004400,meta_awareness > whatsapp_trigger > whatsapp_trigger > CONVERSION,1
USR_004401,whatsapp_trigger > DROP_OFF,0
USR_004402,whatsapp_trigger > DROP_OFF,0
USR_004403,meta_conversion > whatsapp_trigger > CONVERSION,1
USR_004404,meta_conversion > CONVERSION,1
USR_004405,meta_awareness > DROP_OFF,0
USR_004406,whatsapp_trigger > meta_awareness > DROP_OFF,0
USR_004407,meta_awareness > meta_awareness > DROP_OFF,0
USR_004408,meta_awareness > whatsapp_trigger > whatsapp_trigger > CONVERSION,1
USR_004409,meta_awareness > meta_conversion > whatsapp_trigger > whatsapp_trigger > CONVERSION,1
USR_004410,meta_conversion > DROP_OFF,0
USR_004411,meta_awareness > meta_conversion > DROP_OFF,0
USR_004412,meta_awareness > whatsapp_trigger > DROP_OFF,0
USR_004413,meta_awareness > DROP_OFF,0
USR_004414,meta_conversion > whatsapp_trigger > whatsapp_trigger > CONVERSION,1
USR_004415,meta_awareness > DROP_OFF,0
USR_004416,meta_conversion > whatsapp_trigger > CONVERSION,1
USR_004417,meta_conversion > CONVERSION,1
USR_004418,meta_awareness > meta_conversion > CONVERSION,1
USR_004419,meta_conversion > CONVERSION,1
USR_004420,meta_awareness > meta_awareness > meta_conversion > whatsapp_trigger > meta_awareness > whatsapp_trigger > CONVERSION,1
USR_004421,meta_conversion > CONVERSION,1
USR_004422,meta_conversion > whatsapp_trigger > DROP_OFF,0
USR_004423,meta_awareness > DROP_OFF,0
USR_004424,meta_conversion > CONVERSION,1
USR_004425,whatsapp_trigger > CONVERSION,1
USR_004426,whatsapp_trigger > CONVERSION,1
USR_004427,meta_conversion > whatsapp_trigger > whatsapp_trigger > CONVERSION,1
USR_004428,meta_awareness > whatsapp_trigger > CONVERSION,1
USR_004429,meta_awareness > whatsapp_trigger > DROP_OFF,0
USR_004430,meta_conversion > DROP_OFF,0
USR_004431,meta_conversion > CONVERSION,1
USR_004432,meta_awareness > meta_conversion > CONVERSION,1
USR_004433,meta_conversion > CONVERSION,1
USR_004434,meta_conversion > whatsapp_trigger > CONVERSION,1
USR_004435,meta_conversion > CONVERSION,1
USR_004436,meta_awareness > meta_conversion > CONVERSION,1
USR_004437,meta_awareness > meta_conversion > meta_conversion > whatsapp_trigger > DROP_OFF,0
USR_004438,whatsapp_trigger > CONVERSION,1
USR_004439,meta_awareness > whatsapp_trigger > DROP_OFF,0
USR_004440,meta_conversion > CONVERSION,1
USR_004441,meta_conversion > whatsapp_trigger > CONVERSION,1
USR_004442,meta_awareness > whatsapp_trigger > CONVERSION,1
USR_004443,meta_conversion > whatsapp_trigger > CONVERSION,1
USR_004444,whatsapp_trigger > CONVERSION,1
USR_004445,whatsapp_trigger > CONVERSION,1
USR_004446,meta_awareness > meta_conversion > DROP_OFF,0
USR_004447,meta_conversion > CONVERSION,1
USR_004448,meta_conversion > whatsapp_trigger > CONVERSION,1
USR_004449,meta_awareness > DROP_OFF,0
USR_004450,meta_awareness > whatsapp_trigger > CONVERSION,1
USR_004451,meta_conversion > CONVERSION,1
USR_004452,meta_awareness > meta_awareness > meta_conversion > whatsapp_trigger > DROP_OFF,0
USR_004453,meta_awareness > DROP_OFF,0
USR_004454,meta_conversion > whatsapp_trigger > CONVERSION,1
USR_004455,meta_awareness > meta_awareness > meta_conversion > CONVERSION,1
USR_004456,whatsapp_trigger > CONVERSION,1
USR_004457,meta_awareness > meta_conversion > meta_conversion > DROP_OFF,0
USR_004458,meta_awareness > meta_conversion > DROP_OFF,0
USR_004459,meta_awareness > DROP_OFF,0
USR_004460,meta_awareness > DROP_OFF,0
USR_004461,meta_awareness > meta_conversion > whatsapp_trigger > CONVERSION,1
USR_004462,meta_conversion > whatsapp_trigger > DROP_OFF,0
USR_004463,meta_awareness > meta_conversion > meta_conversion > CONVERSION,1
USR_004464,meta_awareness > whatsapp_trigger > CONVERSION,1
USR_004465,meta_awareness > whatsapp_trigger > CONVERSION,1
USR_004466,meta_awareness > whatsapp_trigger > CONVERSION,1
USR_004467,meta_awareness > whatsapp_trigger > CONVERSION,1
USR_004468,meta_awareness > meta_conversion > meta_conversion > CONVERSION,1
USR_004469,meta_awareness > whatsapp_trigger > CONVERSION,1
USR_004470,meta_conversion > CONVERSION,1
USR_004471,meta_conversion > CONVERSION,1
USR_004472,meta_awareness > DROP_OFF,0
USR_004473,meta_awareness > meta_conversion > whatsapp_trigger > CONVERSION,1
USR_004474,meta_awareness > whatsapp_trigger > CONVERSION,1
USR_004475,whatsapp_trigger > meta_awareness > whatsapp_trigger > CONVERSION,1
USR_004476,meta_conversion > whatsapp_trigger > DROP_OFF,0
USR_004477,meta_awareness > whatsapp_trigger > CONVERSION,1
USR_004478,meta_conversion > CONVERSION,1
USR_004479,meta_awareness > meta_awareness > whatsapp_trigger > DROP_OFF,0
USR_004480,meta_awareness > meta_conversion > whatsapp_trigger > CONVERSION,1
USR_004481,meta_awareness > meta_awareness > meta_conversion > CONVERSION,1
USR_004482,meta_conversion > CONVERSION,1
USR_004483,meta_conversion > CONVERSION,1
USR_004484,meta_conversion > CONVERSION,1
USR_004485,whatsapp_trigger > CONVERSION,1
USR_004486,meta_awareness > whatsapp_trigger > CONVERSION,1
USR_004487,meta_awareness > DROP_OFF,0
USR_004488,meta_conversion > whatsapp_trigger > CONVERSION,1
USR_004489,meta_conversion > CONVERSION,1
USR_004490,meta_awareness > meta_conversion > whatsapp_trigger > CONVERSION,1
USR_004491,meta_conversion > whatsapp_trigger > CONVERSION,1
USR_004492,meta_awareness > meta_awareness > meta_conversion > CONVERSION,1
USR_004493,meta_conversion > meta_conversion > meta_conversion > whatsapp_trigger > DROP_OFF,0
USR_004494,meta_awareness > whatsapp_trigger > CONVERSION,1
USR_004495,meta_awareness > meta_conversion > CONVERSION,1
USR_004496,meta_conversion > whatsapp_trigger > CONVERSION,1
USR_004497,meta_awareness > meta_conversion > CONVERSION,1
USR_004498,meta_awareness > DROP_OFF,0
USR_004499,meta_awareness > meta_conversion > whatsapp_trigger > DROP_OFF,0
USR_004500,meta_conversion > whatsapp_trigger > DROP_OFF,0
USR_004501,meta_conversion > whatsapp_trigger > DROP_OFF,0
USR_004502,meta_conversion > CONVERSION,1
USR_004503,meta_conversion > meta_conversion > CONVERSION,1
USR_004504,meta_awareness > meta_conversion > whatsapp_trigger > whatsapp_trigger > DROP_OFF,0
USR_004505,meta_awareness > meta_conversion > CONVERSION,1
USR_004506,meta_awareness > DROP_OFF,0
USR_004507,meta_awareness > DROP_OFF,0
USR_004508,meta_conversion > whatsapp_trigger > CONVERSION,1
USR_004509,meta_awareness > whatsapp_trigger > DROP_OFF,0
USR_004510,meta_conversion > whatsapp_trigger > CONVERSION,1
USR_004511,meta_conversion > whatsapp_trigger > CONVERSION,1
USR_004512,meta_conversion > DROP_OFF,0
USR_004513,meta_awareness > DROP_OFF,0
USR_004514,meta_awareness > whatsapp_trigger > DROP_OFF,0
USR_004515,meta_awareness > DROP_OFF,0
USR_004516,meta_awareness > whatsapp_trigger > whatsapp_trigger > meta_awareness > DROP_OFF,0
USR_004517,meta_awareness > DROP_OFF,0
USR_004518,meta_awareness > DROP_OFF,0
USR_004519,meta_awareness > DROP_OFF,0
USR_004520,meta_awareness > meta_conversion > CONVERSION,1
USR_004521,meta_awareness > whatsapp_trigger > CONVERSION,1
USR_004522,meta_conversion > whatsapp_trigger > CONVERSION,1
USR_004523,whatsapp_trigger > CONVERSION,1
USR_004524,meta_conversion > whatsapp_trigger > CONVERSION,1
USR_004525,meta_conversion > CONVERSION,1
USR_004526,meta_awareness > meta_conversion > CONVERSION,1
USR_004527,meta_awareness > meta_conversion > whatsapp_trigger > CONVERSION,1
USR_004528,meta_awareness > meta_conversion > DROP_OFF,0
USR_004529,meta_awareness > DROP_OFF,0
USR_004530,meta_awareness > whatsapp_trigger > DROP_OFF,0
USR_004531,meta_conversion > DROP_OFF,0
USR_004532,meta_awareness > meta_conversion > meta_conversion > whatsapp_trigger > DROP_OFF,0
USR_004533,meta_awareness > DROP_OFF,0
USR_004534,meta_conversion > CONVERSION,1
USR_004535,meta_conversion > meta_conversion > CONVERSION,1
USR_004536,meta_awareness > meta_conversion > DROP_OFF,0
USR_004537,meta_awareness > meta_conversion > whatsapp_trigger > whatsapp_trigger > CONVERSION,1
USR_004538,meta_awareness > meta_conversion > whatsapp_trigger > CONVERSION,1
USR_004539,meta_awareness > DROP_OFF,0
USR_004540,meta_awareness > whatsapp_trigger > CONVERSION,1
USR_004541,meta_conversion > whatsapp_trigger > whatsapp_trigger > CONVERSION,1
USR_004542,meta_awareness > whatsapp_trigger > whatsapp_trigger > meta_awareness > meta_conversion > DROP_OFF,0
USR_004543,meta_awareness > whatsapp_trigger > CONVERSION,1
USR_004544,whatsapp_trigger > CONVERSION,1
USR_004545,meta_conversion > CONVERSION,1
USR_004546,meta_awareness > meta_awareness > meta_conversion > CONVERSION,1
USR_004547,meta_awareness > meta_awareness > DROP_OFF,0
USR_004548,meta_awareness > meta_conversion > CONVERSION,1
USR_004549,meta_conversion > CONVERSION,1
USR_004550,meta_awareness > meta_conversion > whatsapp_trigger > CONVERSION,1
USR_004551,meta_awareness > DROP_OFF,0
USR_004552,meta_awareness > whatsapp_trigger > CONVERSION,1
USR_004553,whatsapp_trigger > CONVERSION,1
USR_004554,meta_awareness > meta_conversion > DROP_OFF,0
USR_004555,meta_awareness > DROP_OFF,0
USR_004556,meta_awareness > meta_conversion > CONVERSION,1
USR_004557,meta_awareness > meta_awareness > meta_conversion > CONVERSION,1
USR_004558,meta_conversion > whatsapp_trigger > CONVERSION,1
USR_004559,meta_awareness > meta_conversion > CONVERSION,1
USR_004560,meta_awareness > whatsapp_trigger > CONVERSION,1
USR_004561,meta_awareness > whatsapp_trigger > CONVERSION,1
USR_004562,meta_awareness > whatsapp_trigger > meta_awareness > whatsapp_trigger > DROP_OFF,0
USR_004563,meta_conversion > CONVERSION,1
USR_004564,meta_awareness > meta_conversion > whatsapp_trigger > DROP_OFF,0
USR_004565,meta_awareness > meta_conversion > whatsapp_trigger > CONVERSION,1
USR_004566,meta_awareness > meta_conversion > DROP_OFF,0
USR_004567,meta_awareness > whatsapp_trigger > CONVERSION,1
USR_004568,meta_awareness > DROP_OFF,0
USR_004569,meta_awareness > DROP_OFF,0
USR_004570,meta_awareness > whatsapp_trigger > CONVERSION,1
USR_004571,meta_awareness > meta_conversion > whatsapp_trigger > meta_awareness > whatsapp_trigger > CONVERSION,1
USR_004572,whatsapp_trigger > CONVERSION,1
USR_004573,meta_awareness > meta_conversion > DROP_OFF,0
USR_004574,meta_conversion > CONVERSION,1
USR_004575,meta_conversion > whatsapp_trigger > DROP_OFF,0
USR_004576,meta_awareness > meta_awareness > whatsapp_trigger > meta_awareness > meta_conversion > CONVERSION,1
USR_004577,meta_awareness > meta_conversion > CONVERSION,1
USR_004578,meta_awareness > meta_conversion > meta_conversion > whatsapp_trigger > meta_awareness > meta_conversion > whatsapp_trigger > DROP_OFF,0
USR_004579,meta_conversion > CONVERSION,1
USR_004580,meta_awareness > meta_conversion > meta_conversion > whatsapp_trigger > meta_awareness > meta_awareness > DROP_OFF,0
USR_004581,meta_conversion > meta_conversion > CONVERSION,1
USR_004582,whatsapp_trigger > CONVERSION,1
USR_004583,meta_awareness > DROP_OFF,0
USR_004584,meta_awareness > DROP_OFF,0
USR_004585,meta_awareness > meta_conversion > CONVERSION,1
USR_004586,meta_conversion > DROP_OFF,0
USR_004587,meta_awareness > whatsapp_trigger > DROP_OFF,0
USR_004588,meta_awareness > meta_conversion > CONVERSION,1
USR_004589,meta_conversion > whatsapp_trigger > CONVERSION,1
USR_004590,meta_awareness > meta_conversion > DROP_OFF,0
USR_004591,meta_awareness > meta_conversion > DROP_OFF,0
USR_004592,meta_awareness > meta_conversion > DROP_OFF,0
USR_004593,meta_conversion > DROP_OFF,0
USR_004594,meta_awareness > meta_conversion > meta_conversion > DROP_OFF,0
USR_004595,whatsapp_trigger > CONVERSION,1
USR_004596,meta_awareness > meta_conversion > DROP_OFF,0
USR_004597,whatsapp_trigger > whatsapp_trigger > DROP_OFF,0
USR_004598,meta_conversion > DROP_OFF,0
USR_004599,meta_awareness > DROP_OFF,0
USR_004600,meta_awareness > DROP_OFF,0
USR_004601,meta_awareness > meta_conversion > DROP_OFF,0
USR_004602,meta_awareness > DROP_OFF,0
USR_004603,whatsapp_trigger > whatsapp_trigger > CONVERSION,1
USR_004604,meta_awareness > meta_conversion > DROP_OFF,0
USR_004605,whatsapp_trigger > CONVERSION,1
USR_004606,meta_awareness > meta_conversion > meta_conversion > whatsapp_trigger > CONVERSION,1
USR_004607,meta_awareness > meta_conversion > whatsapp_trigger > CONVERSION,1
USR_004608,meta_awareness > meta_awareness > meta_conversion > whatsapp_trigger > meta_awareness > meta_conversion > whatsapp_trigger > whatsapp_trigger > CONVERSION,1
USR_004609,meta_awareness > meta_conversion > CONVERSION,1
USR_004610,meta_conversion > CONVERSION,1
USR_004611,meta_conversion > whatsapp_trigger > CONVERSION,1
USR_004612,meta_awareness > DROP_OFF,0
USR_004613,meta_awareness > meta_awareness > meta_conversion > whatsapp_trigger > CONVERSION,1
USR_004614,meta_awareness > meta_awareness > meta_conversion > DROP_OFF,0
USR_004615,meta_awareness > DROP_OFF,0
USR_004616,meta_conversion > CONVERSION,1
USR_004617,whatsapp_trigger > CONVERSION,1
USR_004618,meta_awareness > DROP_OFF,0
USR_004619,meta_conversion > DROP_OFF,0
USR_004620,meta_conversion > meta_conversion > CONVERSION,1
USR_004621,meta_awareness > meta_conversion > whatsapp_trigger > CONVERSION,1
USR_004622,meta_awareness > DROP_OFF,0
USR_004623,meta_conversion > CONVERSION,1
USR_004624,meta_conversion > DROP_OFF,0
USR_004625,meta_awareness > meta_awareness > meta_conversion > CONVERSION,1
USR_004626,meta_conversion > whatsapp_trigger > CONVERSION,1
USR_004627,whatsapp_trigger > CONVERSION,1
USR_004628,meta_conversion > DROP_OFF,0
USR_004629,meta_awareness > meta_conversion > CONVERSION,1
USR_004630,meta_conversion > whatsapp_trigger > CONVERSION,1
USR_004631,meta_conversion > whatsapp_trigger > CONVERSION,1
USR_004632,meta_awareness > meta_conversion > CONVERSION,1
USR_004633,meta_awareness > whatsapp_trigger > CONVERSION,1
USR_004634,meta_conversion > CONVERSION,1
USR_004635,meta_awareness > meta_conversion > DROP_OFF,0
USR_004636,meta_awareness > whatsapp_trigger > DROP_OFF,0
USR_004637,meta_awareness > meta_conversion > DROP_OFF,0
USR_004638,meta_awareness > meta_conversion > DROP_OFF,0
USR_004639,whatsapp_trigger > whatsapp_trigger > DROP_OFF,0
USR_004640,meta_conversion > DROP_OFF,0
USR_004641,meta_awareness > meta_conversion > whatsapp_trigger > DROP_OFF,0
USR_004642,meta_conversion > CONVERSION,1
USR_004643,whatsapp_trigger > CONVERSION,1
USR_004644,meta_awareness > meta_conversion > whatsapp_trigger > DROP_OFF,0
USR_004645,meta_conversion > meta_conversion > CONVERSION,1
USR_004646,meta_conversion > CONVERSION,1
USR_004647,meta_awareness > whatsapp_trigger > CONVERSION,1
USR_004648,meta_awareness > meta_conversion > meta_conversion > whatsapp_trigger > CONVERSION,1
USR_004649,meta_conversion > CONVERSION,1
USR_004650,meta_conversion > DROP_OFF,0
USR_004651,meta_awareness > meta_conversion > whatsapp_trigger > DROP_OFF,0
USR_004652,meta_conversion > DROP_OFF,0
USR_004653,meta_awareness > meta_conversion > CONVERSION,1
USR_004654,meta_conversion > CONVERSION,1
USR_004655,meta_awareness > meta_conversion > whatsapp_trigger > CONVERSION,1
USR_004656,meta_awareness > whatsapp_trigger > DROP_OFF,0
USR_004657,meta_conversion > meta_conversion > whatsapp_trigger > CONVERSION,1
USR_004658,meta_awareness > meta_awareness > whatsapp_trigger > DROP_OFF,0
USR_004659,meta_conversion > whatsapp_trigger > DROP_OFF,0
USR_004660,meta_awareness > meta_conversion > CONVERSION,1
USR_004661,meta_awareness > meta_awareness > meta_conversion > whatsapp_trigger > DROP_OFF,0
USR_004662,meta_awareness > meta_conversion > whatsapp_trigger > whatsapp_trigger > meta_awareness > whatsapp_trigger > whatsapp_trigger > meta_awareness > DROP_OFF,0
USR_004663,meta_awareness > meta_awareness > whatsapp_trigger > CONVERSION,1
USR_004664,meta_awareness > meta_conversion > CONVERSION,1
USR_004665,meta_conversion > whatsapp_trigger > whatsapp_trigger > meta_awareness > whatsapp_trigger > CONVERSION,1
USR_004666,meta_conversion > whatsapp_trigger > CONVERSION,1
USR_004667,meta_awareness > whatsapp_trigger > DROP_OFF,0
USR_004668,meta_awareness > meta_conversion > whatsapp_trigger > CONVERSION,1
USR_004669,meta_awareness > meta_awareness > meta_conversion > DROP_OFF,0
USR_004670,meta_awareness > meta_awareness > DROP_OFF,0
USR_004671,meta_awareness > whatsapp_trigger > DROP_OFF,0
USR_004672,meta_awareness > meta_conversion > CONVERSION,1
USR_004673,meta_awareness > DROP_OFF,0
USR_004674,meta_awareness > meta_conversion > CONVERSION,1
USR_004675,meta_awareness > meta_conversion > DROP_OFF,0
USR_004676,whatsapp_trigger > CONVERSION,1
USR_004677,meta_awareness > DROP_OFF,0
USR_004678,meta_conversion > whatsapp_trigger > meta_awareness > meta_conversion > DROP_OFF,0
USR_004679,meta_conversion > DROP_OFF,0
USR_004680,meta_awareness > meta_conversion > whatsapp_trigger > CONVERSION,1
USR_004681,meta_conversion > whatsapp_trigger > meta_awareness > meta_conversion > meta_conversion > whatsapp_trigger > CONVERSION,1
USR_004682,meta_awareness > meta_conversion > whatsapp_trigger > DROP_OFF,0
USR_004683,meta_conversion > DROP_OFF,0
USR_004684,meta_awareness > meta_awareness > meta_conversion > DROP_OFF,0
USR_004685,meta_awareness > meta_conversion > whatsapp_trigger > CONVERSION,1
USR_004686,meta_awareness > DROP_OFF,0
USR_004687,meta_conversion > CONVERSION,1
USR_004688,meta_awareness > meta_conversion > whatsapp_trigger > whatsapp_trigger > DROP_OFF,0
USR_004689,meta_conversion > whatsapp_trigger > whatsapp_trigger > CONVERSION,1
USR_004690,meta_conversion > CONVERSION,1
USR_004691,whatsapp_trigger > DROP_OFF,0
USR_004692,meta_awareness > whatsapp_trigger > whatsapp_trigger > CONVERSION,1
USR_004693,meta_conversion > CONVERSION,1
USR_004694,meta_awareness > meta_conversion > CONVERSION,1
USR_004695,meta_conversion > CONVERSION,1
USR_004696,meta_conversion > CONVERSION,1
USR_004697,meta_awareness > meta_conversion > CONVERSION,1
USR_004698,meta_conversion > DROP_OFF,0
USR_004699,meta_awareness > whatsapp_trigger > CONVERSION,1
USR_004700,meta_conversion > meta_conversion > whatsapp_trigger > CONVERSION,1
USR_004701,meta_awareness > DROP_OFF,0
USR_004702,meta_awareness > meta_conversion > CONVERSION,1
USR_004703,meta_conversion > DROP_OFF,0
USR_004704,whatsapp_trigger > DROP_OFF,0
USR_004705,meta_awareness > DROP_OFF,0
USR_004706,meta_awareness > meta_conversion > CONVERSION,1
USR_004707,meta_conversion > CONVERSION,1
USR_004708,meta_awareness > meta_conversion > whatsapp_trigger > CONVERSION,1
USR_004709,meta_awareness > meta_conversion > CONVERSION,1
USR_004710,meta_awareness > DROP_OFF,0
USR_004711,meta_awareness > meta_conversion > CONVERSION,1
USR_004712,meta_conversion > meta_conversion > CONVERSION,1
USR_004713,meta_awareness > meta_conversion > DROP_OFF,0
USR_004714,meta_awareness > whatsapp_trigger > CONVERSION,1
USR_004715,meta_awareness > whatsapp_trigger > DROP_OFF,0
USR_004716,meta_awareness > meta_conversion > whatsapp_trigger > CONVERSION,1
USR_004717,meta_conversion > whatsapp_trigger > DROP_OFF,0
USR_004718,meta_awareness > meta_awareness > whatsapp_trigger > CONVERSION,1
USR_004719,meta_conversion > CONVERSION,1
USR_004720,meta_awareness > whatsapp_trigger > meta_awareness > meta_conversion > meta_conversion > CONVERSION,1
USR_004721,meta_awareness > DROP_OFF,0
USR_004722,meta_conversion > CONVERSION,1
USR_004723,meta_conversion > meta_conversion > DROP_OFF,0
USR_004724,meta_awareness > DROP_OFF,0
USR_004725,meta_awareness > whatsapp_trigger > CONVERSION,1
USR_004726,meta_awareness > whatsapp_trigger > whatsapp_trigger > CONVERSION,1
USR_004727,meta_conversion > CONVERSION,1
USR_004728,meta_awareness > DROP_OFF,0
USR_004729,meta_awareness > whatsapp_trigger > DROP_OFF,0
USR_004730,meta_awareness > whatsapp_trigger > CONVERSION,1
USR_004731,meta_awareness > meta_conversion > DROP_OFF,0
USR_004732,meta_conversion > CONVERSION,1
USR_004733,meta_conversion > CONVERSION,1
USR_004734,whatsapp_trigger > DROP_OFF,0
USR_004735,meta_awareness > whatsapp_trigger > CONVERSION,1
USR_004736,meta_awareness > meta_conversion > CONVERSION,1
USR_004737,meta_conversion > CONVERSION,1
USR_004738,meta_awareness > whatsapp_trigger > whatsapp_trigger > meta_awareness > meta_conversion > whatsapp_trigger > DROP_OFF,0
USR_004739,meta_awareness > meta_conversion > DROP_OFF,0
USR_004740,meta_awareness > DROP_OFF,0
USR_004741,meta_conversion > CONVERSION,1
USR_004742,meta_awareness > whatsapp_trigger > CONVERSION,1
USR_004743,meta_awareness > DROP_OFF,0
USR_004744,meta_conversion > meta_conversion > CONVERSION,1
USR_004745,whatsapp_trigger > CONVERSION,1
USR_004746,meta_awareness > meta_conversion > meta_conversion > DROP_OFF,0
USR_004747,meta_awareness > meta_conversion > DROP_OFF,0
USR_004748,meta_awareness > meta_conversion > DROP_OFF,0
USR_004749,meta_conversion > DROP_OFF,0
USR_004750,meta_awareness > meta_conversion > CONVERSION,1
USR_004751,meta_awareness > whatsapp_trigger > DROP_OFF,0
USR_004752,meta_awareness > meta_conversion > whatsapp_trigger > CONVERSION,1
USR_004753,meta_awareness > meta_conversion > whatsapp_trigger > DROP_OFF,0
USR_004754,meta_awareness > DROP_OFF,0
USR_004755,meta_awareness > meta_conversion > DROP_OFF,0
USR_004756,meta_awareness > DROP_OFF,0
USR_004757,meta_awareness > meta_conversion > CONVERSION,1
USR_004758,meta_conversion > whatsapp_trigger > CONVERSION,1
USR_004759,meta_awareness > meta_conversion > CONVERSION,1
USR_004760,meta_conversion > whatsapp_trigger > DROP_OFF,0
USR_004761,meta_conversion > meta_conversion > DROP_OFF,0
USR_004762,meta_awareness > meta_conversion > CONVERSION,1
USR_004763,whatsapp_trigger > CONVERSION,1
USR_004764,meta_awareness > meta_conversion > CONVERSION,1
USR_004765,meta_awareness > meta_conversion > meta_conversion > whatsapp_trigger > CONVERSION,1
USR_004766,meta_conversion > whatsapp_trigger > CONVERSION,1
USR_004767,meta_conversion > CONVERSION,1
USR_004768,meta_conversion > CONVERSION,1
USR_004769,meta_awareness > meta_conversion > CONVERSION,1
USR_004770,whatsapp_trigger > CONVERSION,1
USR_004771,meta_conversion > CONVERSION,1
USR_004772,meta_awareness > meta_conversion > DROP_OFF,0
USR_004773,meta_conversion > whatsapp_trigger > CONVERSION,1
USR_004774,meta_awareness > DROP_OFF,0
USR_004775,meta_awareness > meta_awareness > meta_conversion > meta_conversion > DROP_OFF,0
USR_004776,meta_awareness > meta_conversion > CONVERSION,1
USR_004777,meta_awareness > meta_conversion > DROP_OFF,0
USR_004778,meta_conversion > CONVERSION,1
USR_004779,meta_awareness > DROP_OFF,0
USR_004780,meta_conversion > CONVERSION,1
USR_004781,meta_awareness > meta_conversion > whatsapp_trigger > CONVERSION,1
USR_004782,meta_awareness > meta_awareness > meta_conversion > whatsapp_trigger > CONVERSION,1
USR_004783,meta_awareness > meta_conversion > whatsapp_trigger > CONVERSION,1
USR_004784,meta_awareness > DROP_OFF,0
USR_004785,whatsapp_trigger > CONVERSION,1
USR_004786,meta_awareness > whatsapp_trigger > CONVERSION,1
USR_004787,meta_awareness > whatsapp_trigger > CONVERSION,1
USR_004788,meta_awareness > whatsapp_trigger > CONVERSION,1
USR_004789,meta_awareness > whatsapp_trigger > DROP_OFF,0
USR_004790,meta_awareness > meta_conversion > whatsapp_trigger > CONVERSION,1
USR_004791,whatsapp_trigger > DROP_OFF,0
USR_004792,meta_awareness > meta_conversion > whatsapp_trigger > DROP_OFF,0
USR_004793,meta_conversion > DROP_OFF,0
USR_004794,meta_awareness > DROP_OFF,0
USR_004795,meta_awareness > meta_conversion > CONVERSION,1
USR_004796,meta_awareness > meta_conversion > whatsapp_trigger > CONVERSION,1
USR_004797,meta_awareness > DROP_OFF,0
USR_004798,meta_awareness > meta_conversion > whatsapp_trigger > CONVERSION,1
USR_004799,meta_awareness > DROP_OFF,0
USR_004800,whatsapp_trigger > DROP_OFF,0
USR_004801,meta_conversion > CONVERSION,1
USR_004802,meta_awareness > meta_conversion > CONVERSION,1
USR_004803,meta_awareness > meta_conversion > CONVERSION,1
USR_004804,whatsapp_trigger > DROP_OFF,0
USR_004805,whatsapp_trigger > CONVERSION,1
USR_004806,meta_awareness > meta_conversion > CONVERSION,1
USR_004807,meta_awareness > DROP_OFF,0
USR_004808,whatsapp_trigger > DROP_OFF,0
USR_004809,meta_conversion > CONVERSION,1
USR_004810,meta_conversion > CONVERSION,1
USR_004811,meta_awareness > whatsapp_trigger > CONVERSION,1
USR_004812,meta_awareness > meta_conversion > DROP_OFF,0
USR_004813,meta_awareness > DROP_OFF,0
USR_004814,meta_awareness > DROP_OFF,0
USR_004815,meta_conversion > CONVERSION,1
USR_004816,meta_awareness > meta_conversion > whatsapp_trigger > DROP_OFF,0
USR_004817,whatsapp_trigger > whatsapp_trigger > CONVERSION,1
USR_004818,meta_awareness > whatsapp_trigger > DROP_OFF,0
USR_004819,whatsapp_trigger > meta_awareness > meta_conversion > whatsapp_trigger > DROP_OFF,0
USR_004820,meta_awareness > whatsapp_trigger > CONVERSION,1
USR_004821,meta_conversion > DROP_OFF,0
USR_004822,meta_awareness > meta_conversion > DROP_OFF,0
USR_004823,whatsapp_trigger > CONVERSION,1
USR_004824,meta_awareness > meta_conversion > CONVERSION,1
USR_004825,meta_awareness > DROP_OFF,0
USR_004826,meta_conversion > CONVERSION,1
USR_004827,meta_awareness > DROP_OFF,0
USR_004828,meta_awareness > meta_conversion > whatsapp_trigger > CONVERSION,1
USR_004829,meta_conversion > CONVERSION,1
USR_004830,meta_awareness > whatsapp_trigger > DROP_OFF,0
USR_004831,meta_awareness > whatsapp_trigger > DROP_OFF,0
USR_004832,meta_awareness > DROP_OFF,0
USR_004833,meta_awareness > DROP_OFF,0
USR_004834,meta_awareness > meta_conversion > CONVERSION,1
USR_004835,meta_conversion > whatsapp_trigger > CONVERSION,1
USR_004836,meta_conversion > whatsapp_trigger > CONVERSION,1
USR_004837,meta_awareness > whatsapp_trigger > CONVERSION,1
USR_004838,meta_awareness > whatsapp_trigger > CONVERSION,1
USR_004839,meta_awareness > whatsapp_trigger > CONVERSION,1
USR_004840,meta_awareness > meta_conversion > DROP_OFF,0
USR_004841,meta_awareness > whatsapp_trigger > CONVERSION,1
USR_004842,meta_awareness > whatsapp_trigger > CONVERSION,1
USR_004843,meta_awareness > DROP_OFF,0
USR_004844,meta_conversion > meta_conversion > DROP_OFF,0
USR_004845,meta_awareness > meta_conversion > CONVERSION,1
USR_004846,meta_awareness > whatsapp_trigger > CONVERSION,1
USR_004847,meta_awareness > whatsapp_trigger > meta_awareness > DROP_OFF,0
USR_004848,meta_awareness > meta_conversion > meta_conversion > CONVERSION,1
USR_004849,meta_awareness > meta_conversion > whatsapp_trigger > meta_awareness > meta_conversion > CONVERSION,1
USR_004850,meta_awareness > meta_conversion > whatsapp_trigger > CONVERSION,1
USR_004851,meta_conversion > whatsapp_trigger > meta_awareness > meta_conversion > CONVERSION,1
USR_004852,whatsapp_trigger > CONVERSION,1
USR_004853,meta_awareness > meta_conversion > whatsapp_trigger > DROP_OFF,0
USR_004854,meta_awareness > whatsapp_trigger > DROP_OFF,0
USR_004855,meta_awareness > meta_conversion > CONVERSION,1
USR_004856,meta_awareness > meta_conversion > DROP_OFF,0
USR_004857,meta_conversion > meta_conversion > whatsapp_trigger > CONVERSION,1
USR_004858,whatsapp_trigger > CONVERSION,1
USR_004859,meta_awareness > meta_conversion > CONVERSION,1
USR_004860,meta_awareness > DROP_OFF,0
USR_004861,meta_awareness > whatsapp_trigger > CONVERSION,1
USR_004862,meta_conversion > whatsapp_trigger > CONVERSION,1
USR_004863,meta_awareness > meta_conversion > CONVERSION,1
USR_004864,meta_conversion > CONVERSION,1
USR_004865,meta_conversion > whatsapp_trigger > CONVERSION,1
USR_004866,meta_awareness > whatsapp_trigger > CONVERSION,1
USR_004867,meta_conversion > CONVERSION,1
USR_004868,meta_awareness > DROP_OFF,0
USR_004869,meta_awareness > DROP_OFF,0
USR_004870,meta_awareness > DROP_OFF,0
USR_004871,meta_conversion > whatsapp_trigger > CONVERSION,1
USR_004872,whatsapp_trigger > DROP_OFF,0
USR_004873,meta_awareness > DROP_OFF,0
USR_004874,meta_awareness > meta_conversion > whatsapp_trigger > CONVERSION,1
USR_004875,meta_awareness > whatsapp_trigger > CONVERSION,1
USR_004876,meta_awareness > meta_conversion > CONVERSION,1
USR_004877,meta_awareness > meta_awareness > meta_conversion > whatsapp_trigger > CONVERSION,1
USR_004878,meta_awareness > meta_conversion > CONVERSION,1
USR_004879,meta_awareness > DROP_OFF,0
USR_004880,meta_awareness > DROP_OFF,0
USR_004881,whatsapp_trigger > CONVERSION,1
USR_004882,meta_conversion > CONVERSION,1
USR_004883,meta_awareness > whatsapp_trigger > CONVERSION,1
USR_004884,meta_awareness > DROP_OFF,0
USR_004885,meta_awareness > meta_awareness > DROP_OFF,0
USR_004886,meta_awareness > meta_conversion > whatsapp_trigger > CONVERSION,1
USR_004887,whatsapp_trigger > whatsapp_trigger > CONVERSION,1
USR_004888,meta_awareness > DROP_OFF,0
USR_004889,meta_awareness > meta_conversion > DROP_OFF,0
USR_004890,meta_conversion > DROP_OFF,0
USR_004891,meta_awareness > meta_conversion > whatsapp_trigger > DROP_OFF,0
USR_004892,meta_awareness > meta_conversion > DROP_OFF,0
USR_004893,meta_awareness > whatsapp_trigger > DROP_OFF,0
USR_004894,meta_awareness > meta_awareness > whatsapp_trigger > CONVERSION,1
USR_004895,meta_conversion > CONVERSION,1
USR_004896,meta_awareness > meta_conversion > CONVERSION,1
USR_004897,meta_conversion > whatsapp_trigger > CONVERSION,1
USR_004898,whatsapp_trigger > CONVERSION,1
USR_004899,whatsapp_trigger > CONVERSION,1
USR_004900,meta_conversion > meta_conversion > DROP_OFF,0
USR_004901,meta_conversion > DROP_OFF,0
USR_004902,whatsapp_trigger > whatsapp_trigger > CONVERSION,1
USR_004903,meta_awareness > whatsapp_trigger > DROP_OFF,0
USR_004904,meta_conversion > DROP_OFF,0
USR_004905,whatsapp_trigger > meta_awareness > DROP_OFF,0
USR_004906,meta_conversion > whatsapp_trigger > meta_awareness > meta_conversion > CONVERSION,1
USR_004907,meta_awareness > DROP_OFF,0
USR_004908,meta_awareness > whatsapp_trigger > DROP_OFF,0
USR_004909,meta_conversion > whatsapp_trigger > CONVERSION,1
USR_004910,meta_conversion > CONVERSION,1
USR_004911,meta_awareness > meta_awareness > meta_conversion > whatsapp_trigger > CONVERSION,1
USR_004912,meta_awareness > meta_conversion > CONVERSION,1
USR_004913,meta_awareness > DROP_OFF,0
USR_004914,meta_awareness > meta_conversion > DROP_OFF,0
USR_004915,meta_conversion > CONVERSION,1
USR_004916,meta_awareness > meta_conversion > whatsapp_trigger > meta_awareness > meta_conversion > whatsapp_trigger > CONVERSION,1
USR_004917,meta_awareness > meta_conversion > whatsapp_trigger > CONVERSION,1
USR_004918,meta_awareness > whatsapp_trigger > DROP_OFF,0
USR_004919,meta_conversion > DROP_OFF,0
USR_004920,meta_conversion > DROP_OFF,0
USR_004921,meta_awareness > meta_conversion > CONVERSION,1
USR_004922,meta_awareness > meta_conversion > CONVERSION,1
USR_004923,meta_conversion > CONVERSION,1
USR_004924,meta_awareness > whatsapp_trigger > CONVERSION,1
USR_004925,meta_awareness > meta_conversion > CONVERSION,1
USR_004926,whatsapp_trigger > meta_awareness > DROP_OFF,0
USR_004927,meta_awareness > DROP_OFF,0
USR_004928,meta_conversion > whatsapp_trigger > CONVERSION,1
USR_004929,meta_awareness > meta_conversion > DROP_OFF,0
USR_004930,meta_awareness > meta_conversion > CONVERSION,1
USR_004931,meta_awareness > meta_awareness > meta_conversion > DROP_OFF,0
USR_004932,meta_awareness > whatsapp_trigger > DROP_OFF,0
USR_004933,meta_conversion > CONVERSION,1
USR_004934,meta_awareness > meta_conversion > DROP_OFF,0
USR_004935,meta_awareness > meta_conversion > CONVERSION,1
USR_004936,meta_awareness > whatsapp_trigger > CONVERSION,1
USR_004937,meta_conversion > CONVERSION,1
USR_004938,meta_conversion > whatsapp_trigger > CONVERSION,1
USR_004939,meta_conversion > CONVERSION,1
USR_004940,meta_conversion > meta_conversion > whatsapp_trigger > CONVERSION,1
USR_004941,meta_awareness > meta_conversion > CONVERSION,1
USR_004942,meta_awareness > meta_conversion > whatsapp_trigger > whatsapp_trigger > CONVERSION,1
USR_004943,meta_conversion > whatsapp_trigger > CONVERSION,1
USR_004944,meta_conversion > CONVERSION,1
USR_004945,meta_awareness > whatsapp_trigger > whatsapp_trigger > CONVERSION,1
USR_004946,meta_awareness > whatsapp_trigger > CONVERSION,1
USR_004947,meta_awareness > meta_conversion > DROP_OFF,0
USR_004948,meta_conversion > whatsapp_trigger > CONVERSION,1
USR_004949,meta_conversion > whatsapp_trigger > DROP_OFF,0
USR_004950,meta_conversion > CONVERSION,1
USR_004951,meta_conversion > CONVERSION,1
USR_004952,whatsapp_trigger > CONVERSION,1
USR_004953,whatsapp_trigger > whatsapp_trigger > CONVERSION,1
USR_004954,whatsapp_trigger > CONVERSION,1
USR_004955,whatsapp_trigger > CONVERSION,1
USR_004956,meta_conversion > CONVERSION,1
USR_004957,whatsapp_trigger > CONVERSION,1
USR_004958,meta_conversion > CONVERSION,1
USR_004959,meta_awareness > meta_conversion > whatsapp_trigger > CONVERSION,1
USR_004960,meta_awareness > meta_conversion > CONVERSION,1
USR_004961,meta_awareness > meta_conversion > whatsapp_trigger > DROP_OFF,0
USR_004962,meta_awareness > meta_conversion > DROP_OFF,0
USR_004963,meta_awareness > meta_conversion > meta_conversion > meta_conversion > CONVERSION,1
USR_004964,meta_awareness > meta_conversion > CONVERSION,1
USR_004965,meta_awareness > DROP_OFF,0
USR_004966,meta_awareness > meta_conversion > whatsapp_trigger > CONVERSION,1
USR_004967,meta_awareness > whatsapp_trigger > CONVERSION,1
USR_004968,meta_awareness > meta_conversion > CONVERSION,1
USR_004969,meta_conversion > DROP_OFF,0
USR_004970,meta_awareness > meta_conversion > CONVERSION,1
USR_004971,meta_conversion > CONVERSION,1
USR_004972,meta_conversion > whatsapp_trigger > meta_awareness > whatsapp_trigger > CONVERSION,1
USR_004973,meta_awareness > whatsapp_trigger > CONVERSION,1
USR_004974,meta_awareness > meta_conversion > DROP_OFF,0
USR_004975,whatsapp_trigger > CONVERSION,1
USR_004976,meta_awareness > whatsapp_trigger > whatsapp_trigger > CONVERSION,1
USR_004977,meta_conversion > whatsapp_trigger > DROP_OFF,0
USR_004978,meta_awareness > meta_conversion > DROP_OFF,0
USR_004979,meta_awareness > meta_conversion > DROP_OFF,0
USR_004980,whatsapp_trigger > CONVERSION,1
USR_004981,meta_awareness > DROP_OFF,0
USR_004982,meta_conversion > CONVERSION,1
USR_004983,meta_conversion > DROP_OFF,0
USR_004984,whatsapp_trigger > CONVERSION,1
USR_004985,meta_conversion > CONVERSION,1
USR_004986,meta_conversion > CONVERSION,1
USR_004987,meta_awareness > meta_conversion > CONVERSION,1
USR_004988,meta_awareness > meta_conversion > whatsapp_trigger > whatsapp_trigger > DROP_OFF,0
USR_004989,meta_conversion > whatsapp_trigger > CONVERSION,1
USR_004990,whatsapp_trigger > CONVERSION,1
USR_004991,meta_awareness > whatsapp_trigger > CONVERSION,1
USR_004992,meta_awareness > meta_awareness > meta_conversion > CONVERSION,1
USR_004993,meta_awareness > meta_conversion > DROP_OFF,0
USR_004994,meta_conversion > CONVERSION,1
USR_004995,meta_awareness > meta_conversion > DROP_OFF,0
USR_004996,meta_conversion > DROP_OFF,0
USR_004997,whatsapp_trigger > DROP_OFF,0
USR_004998,meta_awareness > meta_conversion > whatsapp_trigger > CONVERSION,1
USR_004999,meta_conversion > CONVERSION,1
USR_005000,meta_awareness > meta_conversion > DROP_OFF,0
